filepath,class_name,label,is_augmented
dataset_procesado\sin_augmentacion\cancer\001.png,cancer,1,False
dataset_procesado\sin_augmentacion\cancer\002.png,cancer,1,False
dataset_procesado\sin_augmentacion\cancer\003.png,cancer,1,False
dataset_procesado\sin_augmentacion\cancer\004.png,cancer,1,False
dataset_procesado\sin_augmentacion\cancer\005.png,cancer,1,False
dataset_procesado\sin_augmentacion\cancer\006.png,cancer,1,False
dataset_procesado\sin_augmentacion\cancer\007.png,cancer,1,False
dataset_procesado\sin_augmentacion\cancer\008.png,cancer,1,False
dataset_procesado\sin_augmentacion\cancer\009.png,cancer,1,False
dataset_procesado\sin_augmentacion\cancer\010.png,cancer,1,False
dataset_procesado\sin_augmentacion\cancer\011.png,cancer,1,False
dataset_procesado\sin_augmentacion\cancer\012.png,cancer,1,False
dataset_procesado\sin_augmentacion\cancer\013.png,cancer,1,False
dataset_procesado\sin_augmentacion\cancer\014.png,cancer,1,False
dataset_procesado\sin_augmentacion\cancer\015.png,cancer,1,False
dataset_procesado\sin_augmentacion\cancer\016.png,cancer,1,False
dataset_procesado\sin_augmentacion\cancer\017.png,cancer,1,False
dataset_procesado\sin_augmentacion\cancer\018.png,cancer,1,False
dataset_procesado\sin_augmentacion\cancer\019.png,cancer,1,False
dataset_procesado\sin_augmentacion\cancer\01960a64-cfe8-444d-bbc5-575c15389a21.png,cancer,1,False
dataset_procesado\sin_augmentacion\cancer\020.png,cancer,1,False
dataset_procesado\sin_augmentacion\cancer\021.png,cancer,1,False
dataset_procesado\sin_augmentacion\cancer\022.png,cancer,1,False
dataset_procesado\sin_augmentacion\cancer\023.png,cancer,1,False
dataset_procesado\sin_augmentacion\cancer\024.png,cancer,1,False
dataset_procesado\sin_augmentacion\cancer\025.png,cancer,1,False
dataset_procesado\sin_augmentacion\cancer\026.png,cancer,1,False
dataset_procesado\sin_augmentacion\cancer\027.png,cancer,1,False
dataset_procesado\sin_augmentacion\cancer\028.png,cancer,1,False
dataset_procesado\sin_augmentacion\cancer\029.png,cancer,1,False
dataset_procesado\sin_augmentacion\cancer\030.png,cancer,1,False
dataset_procesado\sin_augmentacion\cancer\031.png,cancer,1,False
dataset_procesado\sin_augmentacion\cancer\032.png,cancer,1,False
dataset_procesado\sin_augmentacion\cancer\033.png,cancer,1,False
dataset_procesado\sin_augmentacion\cancer\034.png,cancer,1,False
dataset_procesado\sin_augmentacion\cancer\035.png,cancer,1,False
dataset_procesado\sin_augmentacion\cancer\036.png,cancer,1,False
dataset_procesado\sin_augmentacion\cancer\037.png,cancer,1,False
dataset_procesado\sin_augmentacion\cancer\038.png,cancer,1,False
dataset_procesado\sin_augmentacion\cancer\039.png,cancer,1,False
dataset_procesado\sin_augmentacion\cancer\040.png,cancer,1,False
dataset_procesado\sin_augmentacion\cancer\041.png,cancer,1,False
dataset_procesado\sin_augmentacion\cancer\042.png,cancer,1,False
dataset_procesado\sin_augmentacion\cancer\043.png,cancer,1,False
dataset_procesado\sin_augmentacion\cancer\044.png,cancer,1,False
dataset_procesado\sin_augmentacion\cancer\045.png,cancer,1,False
dataset_procesado\sin_augmentacion\cancer\046.png,cancer,1,False
dataset_procesado\sin_augmentacion\cancer\047.png,cancer,1,False
dataset_procesado\sin_augmentacion\cancer\048.png,cancer,1,False
dataset_procesado\sin_augmentacion\cancer\049.png,cancer,1,False
dataset_procesado\sin_augmentacion\cancer\050.png,cancer,1,False
dataset_procesado\sin_augmentacion\cancer\051.png,cancer,1,False
dataset_procesado\sin_augmentacion\cancer\052.png,cancer,1,False
dataset_procesado\sin_augmentacion\cancer\053.png,cancer,1,False
dataset_procesado\sin_augmentacion\cancer\054.png,cancer,1,False
dataset_procesado\sin_augmentacion\cancer\055.png,cancer,1,False
dataset_procesado\sin_augmentacion\cancer\056.png,cancer,1,False
dataset_procesado\sin_augmentacion\cancer\057.png,cancer,1,False
dataset_procesado\sin_augmentacion\cancer\058.png,cancer,1,False
dataset_procesado\sin_augmentacion\cancer\059.png,cancer,1,False
dataset_procesado\sin_augmentacion\cancer\060.png,cancer,1,False
dataset_procesado\sin_augmentacion\cancer\061.png,cancer,1,False
dataset_procesado\sin_augmentacion\cancer\062.png,cancer,1,False
dataset_procesado\sin_augmentacion\cancer\063.png,cancer,1,False
dataset_procesado\sin_augmentacion\cancer\064.png,cancer,1,False
dataset_procesado\sin_augmentacion\cancer\065.png,cancer,1,False
dataset_procesado\sin_augmentacion\cancer\066.png,cancer,1,False
dataset_procesado\sin_augmentacion\cancer\067.png,cancer,1,False
dataset_procesado\sin_augmentacion\cancer\068.png,cancer,1,False
dataset_procesado\sin_augmentacion\cancer\069.png,cancer,1,False
dataset_procesado\sin_augmentacion\cancer\070.png,cancer,1,False
dataset_procesado\sin_augmentacion\cancer\071.png,cancer,1,False
dataset_procesado\sin_augmentacion\cancer\072.png,cancer,1,False
dataset_procesado\sin_augmentacion\cancer\073.png,cancer,1,False
dataset_procesado\sin_augmentacion\cancer\074.png,cancer,1,False
dataset_procesado\sin_augmentacion\cancer\075.png,cancer,1,False
dataset_procesado\sin_augmentacion\cancer\076.png,cancer,1,False
dataset_procesado\sin_augmentacion\cancer\077.png,cancer,1,False
dataset_procesado\sin_augmentacion\cancer\078.png,cancer,1,False
dataset_procesado\sin_augmentacion\cancer\079.png,cancer,1,False
dataset_procesado\sin_augmentacion\cancer\080.png,cancer,1,False
dataset_procesado\sin_augmentacion\cancer\081.png,cancer,1,False
dataset_procesado\sin_augmentacion\cancer\082.png,cancer,1,False
dataset_procesado\sin_augmentacion\cancer\083.png,cancer,1,False
dataset_procesado\sin_augmentacion\cancer\084.png,cancer,1,False
dataset_procesado\sin_augmentacion\cancer\085.png,cancer,1,False
dataset_procesado\sin_augmentacion\cancer\086.png,cancer,1,False
dataset_procesado\sin_augmentacion\cancer\087.png,cancer,1,False
dataset_procesado\sin_augmentacion\cancer\088.png,cancer,1,False
dataset_procesado\sin_augmentacion\cancer\089.png,cancer,1,False
dataset_procesado\sin_augmentacion\cancer\090.png,cancer,1,False
dataset_procesado\sin_augmentacion\cancer\091.png,cancer,1,False
dataset_procesado\sin_augmentacion\cancer\092.png,cancer,1,False
dataset_procesado\sin_augmentacion\cancer\093.png,cancer,1,False
dataset_procesado\sin_augmentacion\cancer\094.png,cancer,1,False
dataset_procesado\sin_augmentacion\cancer\095.png,cancer,1,False
dataset_procesado\sin_augmentacion\cancer\096.png,cancer,1,False
dataset_procesado\sin_augmentacion\cancer\097.png,cancer,1,False
dataset_procesado\sin_augmentacion\cancer\098.png,cancer,1,False
dataset_procesado\sin_augmentacion\cancer\099.png,cancer,1,False
dataset_procesado\sin_augmentacion\cancer\100.png,cancer,1,False
dataset_procesado\sin_augmentacion\cancer\102.png,cancer,1,False
dataset_procesado\sin_augmentacion\cancer\103.png,cancer,1,False
dataset_procesado\sin_augmentacion\cancer\104.png,cancer,1,False
dataset_procesado\sin_augmentacion\cancer\105.png,cancer,1,False
dataset_procesado\sin_augmentacion\cancer\106.png,cancer,1,False
dataset_procesado\sin_augmentacion\cancer\107.png,cancer,1,False
dataset_procesado\sin_augmentacion\cancer\108.png,cancer,1,False
dataset_procesado\sin_augmentacion\cancer\109.png,cancer,1,False
dataset_procesado\sin_augmentacion\cancer\110.png,cancer,1,False
dataset_procesado\sin_augmentacion\cancer\111.png,cancer,1,False
dataset_procesado\sin_augmentacion\cancer\112.png,cancer,1,False
dataset_procesado\sin_augmentacion\cancer\113.png,cancer,1,False
dataset_procesado\sin_augmentacion\cancer\114.png,cancer,1,False
dataset_procesado\sin_augmentacion\cancer\115.png,cancer,1,False
dataset_procesado\sin_augmentacion\cancer\116.png,cancer,1,False
dataset_procesado\sin_augmentacion\cancer\117.png,cancer,1,False
dataset_procesado\sin_augmentacion\cancer\118.png,cancer,1,False
dataset_procesado\sin_augmentacion\cancer\119.png,cancer,1,False
dataset_procesado\sin_augmentacion\cancer\120.png,cancer,1,False
dataset_procesado\sin_augmentacion\cancer\121.png,cancer,1,False
dataset_procesado\sin_augmentacion\cancer\122.png,cancer,1,False
dataset_procesado\sin_augmentacion\cancer\123.png,cancer,1,False
dataset_procesado\sin_augmentacion\cancer\124.png,cancer,1,False
dataset_procesado\sin_augmentacion\cancer\125.png,cancer,1,False
dataset_procesado\sin_augmentacion\cancer\126.png,cancer,1,False
dataset_procesado\sin_augmentacion\cancer\127.png,cancer,1,False
dataset_procesado\sin_augmentacion\cancer\128.png,cancer,1,False
dataset_procesado\sin_augmentacion\cancer\129.png,cancer,1,False
dataset_procesado\sin_augmentacion\cancer\130.png,cancer,1,False
dataset_procesado\sin_augmentacion\cancer\131.png,cancer,1,False
dataset_procesado\sin_augmentacion\cancer\132.png,cancer,1,False
dataset_procesado\sin_augmentacion\cancer\133.png,cancer,1,False
dataset_procesado\sin_augmentacion\cancer\134.png,cancer,1,False
dataset_procesado\sin_augmentacion\cancer\135.png,cancer,1,False
dataset_procesado\sin_augmentacion\cancer\136.png,cancer,1,False
dataset_procesado\sin_augmentacion\cancer\137.png,cancer,1,False
dataset_procesado\sin_augmentacion\cancer\138.png,cancer,1,False
dataset_procesado\sin_augmentacion\cancer\139.png,cancer,1,False
dataset_procesado\sin_augmentacion\cancer\140.png,cancer,1,False
dataset_procesado\sin_augmentacion\cancer\141.png,cancer,1,False
dataset_procesado\sin_augmentacion\cancer\142.png,cancer,1,False
dataset_procesado\sin_augmentacion\cancer\143.png,cancer,1,False
dataset_procesado\sin_augmentacion\cancer\144.png,cancer,1,False
dataset_procesado\sin_augmentacion\cancer\145.png,cancer,1,False
dataset_procesado\sin_augmentacion\cancer\146.png,cancer,1,False
dataset_procesado\sin_augmentacion\cancer\147.png,cancer,1,False
dataset_procesado\sin_augmentacion\cancer\148.png,cancer,1,False
dataset_procesado\sin_augmentacion\cancer\149.png,cancer,1,False
dataset_procesado\sin_augmentacion\cancer\150.png,cancer,1,False
dataset_procesado\sin_augmentacion\cancer\151.png,cancer,1,False
dataset_procesado\sin_augmentacion\cancer\152.png,cancer,1,False
dataset_procesado\sin_augmentacion\cancer\153.png,cancer,1,False
dataset_procesado\sin_augmentacion\cancer\154.png,cancer,1,False
dataset_procesado\sin_augmentacion\cancer\155.png,cancer,1,False
dataset_procesado\sin_augmentacion\cancer\156.png,cancer,1,False
dataset_procesado\sin_augmentacion\cancer\157.png,cancer,1,False
dataset_procesado\sin_augmentacion\cancer\158.png,cancer,1,False
dataset_procesado\sin_augmentacion\cancer\159.png,cancer,1,False
dataset_procesado\sin_augmentacion\cancer\160.png,cancer,1,False
dataset_procesado\sin_augmentacion\cancer\161.png,cancer,1,False
dataset_procesado\sin_augmentacion\cancer\162.png,cancer,1,False
dataset_procesado\sin_augmentacion\cancer\163.png,cancer,1,False
dataset_procesado\sin_augmentacion\cancer\164.png,cancer,1,False
dataset_procesado\sin_augmentacion\cancer\165.png,cancer,1,False
dataset_procesado\sin_augmentacion\cancer\166.png,cancer,1,False
dataset_procesado\sin_augmentacion\cancer\167.png,cancer,1,False
dataset_procesado\sin_augmentacion\cancer\168.png,cancer,1,False
dataset_procesado\sin_augmentacion\cancer\169.png,cancer,1,False
dataset_procesado\sin_augmentacion\cancer\170.png,cancer,1,False
dataset_procesado\sin_augmentacion\cancer\171.png,cancer,1,False
dataset_procesado\sin_augmentacion\cancer\172.png,cancer,1,False
dataset_procesado\sin_augmentacion\cancer\173.png,cancer,1,False
dataset_procesado\sin_augmentacion\cancer\174.png,cancer,1,False
dataset_procesado\sin_augmentacion\cancer\175.png,cancer,1,False
dataset_procesado\sin_augmentacion\cancer\176.png,cancer,1,False
dataset_procesado\sin_augmentacion\cancer\177.png,cancer,1,False
dataset_procesado\sin_augmentacion\cancer\178.png,cancer,1,False
dataset_procesado\sin_augmentacion\cancer\179.png,cancer,1,False
dataset_procesado\sin_augmentacion\cancer\180.png,cancer,1,False
dataset_procesado\sin_augmentacion\cancer\181.png,cancer,1,False
dataset_procesado\sin_augmentacion\cancer\182.png,cancer,1,False
dataset_procesado\sin_augmentacion\cancer\183.png,cancer,1,False
dataset_procesado\sin_augmentacion\cancer\184.png,cancer,1,False
dataset_procesado\sin_augmentacion\cancer\185.png,cancer,1,False
dataset_procesado\sin_augmentacion\cancer\186.png,cancer,1,False
dataset_procesado\sin_augmentacion\cancer\187.png,cancer,1,False
dataset_procesado\sin_augmentacion\cancer\188.png,cancer,1,False
dataset_procesado\sin_augmentacion\cancer\189.png,cancer,1,False
dataset_procesado\sin_augmentacion\cancer\18b79305-949e-4ed8-849c-ec5d5a794752.png,cancer,1,False
dataset_procesado\sin_augmentacion\cancer\190.png,cancer,1,False
dataset_procesado\sin_augmentacion\cancer\191.png,cancer,1,False
dataset_procesado\sin_augmentacion\cancer\192.png,cancer,1,False
dataset_procesado\sin_augmentacion\cancer\193.png,cancer,1,False
dataset_procesado\sin_augmentacion\cancer\194.png,cancer,1,False
dataset_procesado\sin_augmentacion\cancer\195.png,cancer,1,False
dataset_procesado\sin_augmentacion\cancer\196.png,cancer,1,False
dataset_procesado\sin_augmentacion\cancer\197.png,cancer,1,False
dataset_procesado\sin_augmentacion\cancer\198.png,cancer,1,False
dataset_procesado\sin_augmentacion\cancer\199.png,cancer,1,False
dataset_procesado\sin_augmentacion\cancer\201.png,cancer,1,False
dataset_procesado\sin_augmentacion\cancer\202.png,cancer,1,False
dataset_procesado\sin_augmentacion\cancer\203.png,cancer,1,False
dataset_procesado\sin_augmentacion\cancer\204.png,cancer,1,False
dataset_procesado\sin_augmentacion\cancer\205.png,cancer,1,False
dataset_procesado\sin_augmentacion\cancer\206.png,cancer,1,False
dataset_procesado\sin_augmentacion\cancer\207.png,cancer,1,False
dataset_procesado\sin_augmentacion\cancer\208.png,cancer,1,False
dataset_procesado\sin_augmentacion\cancer\209.png,cancer,1,False
dataset_procesado\sin_augmentacion\cancer\210.png,cancer,1,False
dataset_procesado\sin_augmentacion\cancer\211.png,cancer,1,False
dataset_procesado\sin_augmentacion\cancer\212.png,cancer,1,False
dataset_procesado\sin_augmentacion\cancer\213.png,cancer,1,False
dataset_procesado\sin_augmentacion\cancer\214.png,cancer,1,False
dataset_procesado\sin_augmentacion\cancer\215.png,cancer,1,False
dataset_procesado\sin_augmentacion\cancer\216.png,cancer,1,False
dataset_procesado\sin_augmentacion\cancer\217.png,cancer,1,False
dataset_procesado\sin_augmentacion\cancer\218.png,cancer,1,False
dataset_procesado\sin_augmentacion\cancer\219.png,cancer,1,False
dataset_procesado\sin_augmentacion\cancer\220.png,cancer,1,False
dataset_procesado\sin_augmentacion\cancer\221.png,cancer,1,False
dataset_procesado\sin_augmentacion\cancer\222.png,cancer,1,False
dataset_procesado\sin_augmentacion\cancer\223.png,cancer,1,False
dataset_procesado\sin_augmentacion\cancer\224.png,cancer,1,False
dataset_procesado\sin_augmentacion\cancer\225.png,cancer,1,False
dataset_procesado\sin_augmentacion\cancer\226.png,cancer,1,False
dataset_procesado\sin_augmentacion\cancer\227.png,cancer,1,False
dataset_procesado\sin_augmentacion\cancer\228.png,cancer,1,False
dataset_procesado\sin_augmentacion\cancer\229.png,cancer,1,False
dataset_procesado\sin_augmentacion\cancer\230.png,cancer,1,False
dataset_procesado\sin_augmentacion\cancer\231.png,cancer,1,False
dataset_procesado\sin_augmentacion\cancer\232.png,cancer,1,False
dataset_procesado\sin_augmentacion\cancer\233.png,cancer,1,False
dataset_procesado\sin_augmentacion\cancer\234.png,cancer,1,False
dataset_procesado\sin_augmentacion\cancer\235.png,cancer,1,False
dataset_procesado\sin_augmentacion\cancer\236.png,cancer,1,False
dataset_procesado\sin_augmentacion\cancer\237.png,cancer,1,False
dataset_procesado\sin_augmentacion\cancer\238.png,cancer,1,False
dataset_procesado\sin_augmentacion\cancer\239.png,cancer,1,False
dataset_procesado\sin_augmentacion\cancer\240.png,cancer,1,False
dataset_procesado\sin_augmentacion\cancer\241.png,cancer,1,False
dataset_procesado\sin_augmentacion\cancer\242.png,cancer,1,False
dataset_procesado\sin_augmentacion\cancer\243.png,cancer,1,False
dataset_procesado\sin_augmentacion\cancer\244.png,cancer,1,False
dataset_procesado\sin_augmentacion\cancer\245.png,cancer,1,False
dataset_procesado\sin_augmentacion\cancer\246.png,cancer,1,False
dataset_procesado\sin_augmentacion\cancer\247.png,cancer,1,False
dataset_procesado\sin_augmentacion\cancer\248.png,cancer,1,False
dataset_procesado\sin_augmentacion\cancer\249.png,cancer,1,False
dataset_procesado\sin_augmentacion\cancer\250.png,cancer,1,False
dataset_procesado\sin_augmentacion\cancer\251.png,cancer,1,False
dataset_procesado\sin_augmentacion\cancer\252.png,cancer,1,False
dataset_procesado\sin_augmentacion\cancer\253.png,cancer,1,False
dataset_procesado\sin_augmentacion\cancer\254.png,cancer,1,False
dataset_procesado\sin_augmentacion\cancer\255.png,cancer,1,False
dataset_procesado\sin_augmentacion\cancer\256.png,cancer,1,False
dataset_procesado\sin_augmentacion\cancer\257.png,cancer,1,False
dataset_procesado\sin_augmentacion\cancer\258.png,cancer,1,False
dataset_procesado\sin_augmentacion\cancer\259.png,cancer,1,False
dataset_procesado\sin_augmentacion\cancer\260.png,cancer,1,False
dataset_procesado\sin_augmentacion\cancer\261.png,cancer,1,False
dataset_procesado\sin_augmentacion\cancer\262.png,cancer,1,False
dataset_procesado\sin_augmentacion\cancer\263.png,cancer,1,False
dataset_procesado\sin_augmentacion\cancer\264.png,cancer,1,False
dataset_procesado\sin_augmentacion\cancer\265.png,cancer,1,False
dataset_procesado\sin_augmentacion\cancer\266.png,cancer,1,False
dataset_procesado\sin_augmentacion\cancer\267.png,cancer,1,False
dataset_procesado\sin_augmentacion\cancer\268.png,cancer,1,False
dataset_procesado\sin_augmentacion\cancer\269.png,cancer,1,False
dataset_procesado\sin_augmentacion\cancer\270.png,cancer,1,False
dataset_procesado\sin_augmentacion\cancer\271.png,cancer,1,False
dataset_procesado\sin_augmentacion\cancer\272.png,cancer,1,False
dataset_procesado\sin_augmentacion\cancer\274.png,cancer,1,False
dataset_procesado\sin_augmentacion\cancer\275.png,cancer,1,False
dataset_procesado\sin_augmentacion\cancer\276.png,cancer,1,False
dataset_procesado\sin_augmentacion\cancer\277.png,cancer,1,False
dataset_procesado\sin_augmentacion\cancer\278.png,cancer,1,False
dataset_procesado\sin_augmentacion\cancer\279.png,cancer,1,False
dataset_procesado\sin_augmentacion\cancer\280.png,cancer,1,False
dataset_procesado\sin_augmentacion\cancer\281.png,cancer,1,False
dataset_procesado\sin_augmentacion\cancer\282.png,cancer,1,False
dataset_procesado\sin_augmentacion\cancer\283.png,cancer,1,False
dataset_procesado\sin_augmentacion\cancer\284.png,cancer,1,False
dataset_procesado\sin_augmentacion\cancer\285.png,cancer,1,False
dataset_procesado\sin_augmentacion\cancer\286.png,cancer,1,False
dataset_procesado\sin_augmentacion\cancer\287.png,cancer,1,False
dataset_procesado\sin_augmentacion\cancer\288.png,cancer,1,False
dataset_procesado\sin_augmentacion\cancer\289.png,cancer,1,False
dataset_procesado\sin_augmentacion\cancer\290.png,cancer,1,False
dataset_procesado\sin_augmentacion\cancer\291.png,cancer,1,False
dataset_procesado\sin_augmentacion\cancer\292.png,cancer,1,False
dataset_procesado\sin_augmentacion\cancer\293.png,cancer,1,False
dataset_procesado\sin_augmentacion\cancer\294.png,cancer,1,False
dataset_procesado\sin_augmentacion\cancer\295.png,cancer,1,False
dataset_procesado\sin_augmentacion\cancer\296.png,cancer,1,False
dataset_procesado\sin_augmentacion\cancer\297.png,cancer,1,False
dataset_procesado\sin_augmentacion\cancer\298.png,cancer,1,False
dataset_procesado\sin_augmentacion\cancer\299.png,cancer,1,False
dataset_procesado\sin_augmentacion\cancer\3-s2.0-B9780443100734500148-f10-07-9780443100734.png,cancer,1,False
dataset_procesado\sin_augmentacion\cancer\300.png,cancer,1,False
dataset_procesado\sin_augmentacion\cancer\301.png,cancer,1,False
dataset_procesado\sin_augmentacion\cancer\302.png,cancer,1,False
dataset_procesado\sin_augmentacion\cancer\303.png,cancer,1,False
dataset_procesado\sin_augmentacion\cancer\304.png,cancer,1,False
dataset_procesado\sin_augmentacion\cancer\305.png,cancer,1,False
dataset_procesado\sin_augmentacion\cancer\306.png,cancer,1,False
dataset_procesado\sin_augmentacion\cancer\307.png,cancer,1,False
dataset_procesado\sin_augmentacion\cancer\308.png,cancer,1,False
dataset_procesado\sin_augmentacion\cancer\309.png,cancer,1,False
dataset_procesado\sin_augmentacion\cancer\310.png,cancer,1,False
dataset_procesado\sin_augmentacion\cancer\311.png,cancer,1,False
dataset_procesado\sin_augmentacion\cancer\312.png,cancer,1,False
dataset_procesado\sin_augmentacion\cancer\313.png,cancer,1,False
dataset_procesado\sin_augmentacion\cancer\314.png,cancer,1,False
dataset_procesado\sin_augmentacion\cancer\315.png,cancer,1,False
dataset_procesado\sin_augmentacion\cancer\316.png,cancer,1,False
dataset_procesado\sin_augmentacion\cancer\318.png,cancer,1,False
dataset_procesado\sin_augmentacion\cancer\319.png,cancer,1,False
dataset_procesado\sin_augmentacion\cancer\320.png,cancer,1,False
dataset_procesado\sin_augmentacion\cancer\321.png,cancer,1,False
dataset_procesado\sin_augmentacion\cancer\322.png,cancer,1,False
dataset_procesado\sin_augmentacion\cancer\323.png,cancer,1,False
dataset_procesado\sin_augmentacion\cancer\324.png,cancer,1,False
dataset_procesado\sin_augmentacion\cancer\324950_1100.png,cancer,1,False
dataset_procesado\sin_augmentacion\cancer\325.png,cancer,1,False
dataset_procesado\sin_augmentacion\cancer\326.png,cancer,1,False
dataset_procesado\sin_augmentacion\cancer\327.png,cancer,1,False
dataset_procesado\sin_augmentacion\cancer\329.png,cancer,1,False
dataset_procesado\sin_augmentacion\cancer\330.png,cancer,1,False
dataset_procesado\sin_augmentacion\cancer\331.png,cancer,1,False
dataset_procesado\sin_augmentacion\cancer\332.png,cancer,1,False
dataset_procesado\sin_augmentacion\cancer\333.png,cancer,1,False
dataset_procesado\sin_augmentacion\cancer\334.png,cancer,1,False
dataset_procesado\sin_augmentacion\cancer\335.png,cancer,1,False
dataset_procesado\sin_augmentacion\cancer\336.png,cancer,1,False
dataset_procesado\sin_augmentacion\cancer\337.png,cancer,1,False
dataset_procesado\sin_augmentacion\cancer\338.png,cancer,1,False
dataset_procesado\sin_augmentacion\cancer\339.png,cancer,1,False
dataset_procesado\sin_augmentacion\cancer\340.png,cancer,1,False
dataset_procesado\sin_augmentacion\cancer\341.png,cancer,1,False
dataset_procesado\sin_augmentacion\cancer\342.png,cancer,1,False
dataset_procesado\sin_augmentacion\cancer\343.png,cancer,1,False
dataset_procesado\sin_augmentacion\cancer\344.png,cancer,1,False
dataset_procesado\sin_augmentacion\cancer\345.png,cancer,1,False
dataset_procesado\sin_augmentacion\cancer\346.png,cancer,1,False
dataset_procesado\sin_augmentacion\cancer\347.png,cancer,1,False
dataset_procesado\sin_augmentacion\cancer\348.png,cancer,1,False
dataset_procesado\sin_augmentacion\cancer\349.png,cancer,1,False
dataset_procesado\sin_augmentacion\cancer\350.png,cancer,1,False
dataset_procesado\sin_augmentacion\cancer\351.png,cancer,1,False
dataset_procesado\sin_augmentacion\cancer\352.png,cancer,1,False
dataset_procesado\sin_augmentacion\cancer\353.png,cancer,1,False
dataset_procesado\sin_augmentacion\cancer\354.png,cancer,1,False
dataset_procesado\sin_augmentacion\cancer\355.png,cancer,1,False
dataset_procesado\sin_augmentacion\cancer\356.png,cancer,1,False
dataset_procesado\sin_augmentacion\cancer\357.png,cancer,1,False
dataset_procesado\sin_augmentacion\cancer\358.png,cancer,1,False
dataset_procesado\sin_augmentacion\cancer\359.png,cancer,1,False
dataset_procesado\sin_augmentacion\cancer\360.png,cancer,1,False
dataset_procesado\sin_augmentacion\cancer\361.png,cancer,1,False
dataset_procesado\sin_augmentacion\cancer\362.png,cancer,1,False
dataset_procesado\sin_augmentacion\cancer\363.png,cancer,1,False
dataset_procesado\sin_augmentacion\cancer\364.png,cancer,1,False
dataset_procesado\sin_augmentacion\cancer\365.png,cancer,1,False
dataset_procesado\sin_augmentacion\cancer\366.png,cancer,1,False
dataset_procesado\sin_augmentacion\cancer\367.png,cancer,1,False
dataset_procesado\sin_augmentacion\cancer\368.png,cancer,1,False
dataset_procesado\sin_augmentacion\cancer\369.png,cancer,1,False
dataset_procesado\sin_augmentacion\cancer\370.png,cancer,1,False
dataset_procesado\sin_augmentacion\cancer\371.png,cancer,1,False
dataset_procesado\sin_augmentacion\cancer\372.png,cancer,1,False
dataset_procesado\sin_augmentacion\cancer\373.png,cancer,1,False
dataset_procesado\sin_augmentacion\cancer\374.png,cancer,1,False
dataset_procesado\sin_augmentacion\cancer\375.png,cancer,1,False
dataset_procesado\sin_augmentacion\cancer\376.png,cancer,1,False
dataset_procesado\sin_augmentacion\cancer\377.png,cancer,1,False
dataset_procesado\sin_augmentacion\cancer\378.png,cancer,1,False
dataset_procesado\sin_augmentacion\cancer\379.png,cancer,1,False
dataset_procesado\sin_augmentacion\cancer\380.png,cancer,1,False
dataset_procesado\sin_augmentacion\cancer\381.png,cancer,1,False
dataset_procesado\sin_augmentacion\cancer\382.png,cancer,1,False
dataset_procesado\sin_augmentacion\cancer\383.png,cancer,1,False
dataset_procesado\sin_augmentacion\cancer\384.png,cancer,1,False
dataset_procesado\sin_augmentacion\cancer\385.png,cancer,1,False
dataset_procesado\sin_augmentacion\cancer\386.png,cancer,1,False
dataset_procesado\sin_augmentacion\cancer\387.png,cancer,1,False
dataset_procesado\sin_augmentacion\cancer\388.png,cancer,1,False
dataset_procesado\sin_augmentacion\cancer\389.png,cancer,1,False
dataset_procesado\sin_augmentacion\cancer\390.png,cancer,1,False
dataset_procesado\sin_augmentacion\cancer\391.png,cancer,1,False
dataset_procesado\sin_augmentacion\cancer\392.png,cancer,1,False
dataset_procesado\sin_augmentacion\cancer\393.png,cancer,1,False
dataset_procesado\sin_augmentacion\cancer\394.png,cancer,1,False
dataset_procesado\sin_augmentacion\cancer\395.png,cancer,1,False
dataset_procesado\sin_augmentacion\cancer\396.png,cancer,1,False
dataset_procesado\sin_augmentacion\cancer\397.png,cancer,1,False
dataset_procesado\sin_augmentacion\cancer\398.png,cancer,1,False
dataset_procesado\sin_augmentacion\cancer\399.png,cancer,1,False
dataset_procesado\sin_augmentacion\cancer\400.png,cancer,1,False
dataset_procesado\sin_augmentacion\cancer\401.png,cancer,1,False
dataset_procesado\sin_augmentacion\cancer\402.png,cancer,1,False
dataset_procesado\sin_augmentacion\cancer\403.png,cancer,1,False
dataset_procesado\sin_augmentacion\cancer\404.png,cancer,1,False
dataset_procesado\sin_augmentacion\cancer\405.png,cancer,1,False
dataset_procesado\sin_augmentacion\cancer\406.png,cancer,1,False
dataset_procesado\sin_augmentacion\cancer\408.png,cancer,1,False
dataset_procesado\sin_augmentacion\cancer\409.png,cancer,1,False
dataset_procesado\sin_augmentacion\cancer\410.png,cancer,1,False
dataset_procesado\sin_augmentacion\cancer\411.png,cancer,1,False
dataset_procesado\sin_augmentacion\cancer\412.png,cancer,1,False
dataset_procesado\sin_augmentacion\cancer\413.png,cancer,1,False
dataset_procesado\sin_augmentacion\cancer\414.png,cancer,1,False
dataset_procesado\sin_augmentacion\cancer\41415_2000_Article_BF4800481_Fig1_HTML.png,cancer,1,False
dataset_procesado\sin_augmentacion\cancer\41457tn.png,cancer,1,False
dataset_procesado\sin_augmentacion\cancer\415.png,cancer,1,False
dataset_procesado\sin_augmentacion\cancer\416.png,cancer,1,False
dataset_procesado\sin_augmentacion\cancer\417.png,cancer,1,False
dataset_procesado\sin_augmentacion\cancer\418.png,cancer,1,False
dataset_procesado\sin_augmentacion\cancer\419.png,cancer,1,False
dataset_procesado\sin_augmentacion\cancer\420.png,cancer,1,False
dataset_procesado\sin_augmentacion\cancer\421.png,cancer,1,False
dataset_procesado\sin_augmentacion\cancer\422.png,cancer,1,False
dataset_procesado\sin_augmentacion\cancer\423.png,cancer,1,False
dataset_procesado\sin_augmentacion\cancer\424.png,cancer,1,False
dataset_procesado\sin_augmentacion\cancer\425.png,cancer,1,False
dataset_procesado\sin_augmentacion\cancer\426.png,cancer,1,False
dataset_procesado\sin_augmentacion\cancer\427.png,cancer,1,False
dataset_procesado\sin_augmentacion\cancer\428.png,cancer,1,False
dataset_procesado\sin_augmentacion\cancer\429.png,cancer,1,False
dataset_procesado\sin_augmentacion\cancer\430.png,cancer,1,False
dataset_procesado\sin_augmentacion\cancer\431.png,cancer,1,False
dataset_procesado\sin_augmentacion\cancer\432.png,cancer,1,False
dataset_procesado\sin_augmentacion\cancer\433.png,cancer,1,False
dataset_procesado\sin_augmentacion\cancer\434.png,cancer,1,False
dataset_procesado\sin_augmentacion\cancer\435.png,cancer,1,False
dataset_procesado\sin_augmentacion\cancer\436.png,cancer,1,False
dataset_procesado\sin_augmentacion\cancer\437.png,cancer,1,False
dataset_procesado\sin_augmentacion\cancer\438.png,cancer,1,False
dataset_procesado\sin_augmentacion\cancer\439.png,cancer,1,False
dataset_procesado\sin_augmentacion\cancer\440.png,cancer,1,False
dataset_procesado\sin_augmentacion\cancer\441.png,cancer,1,False
dataset_procesado\sin_augmentacion\cancer\442.png,cancer,1,False
dataset_procesado\sin_augmentacion\cancer\443.png,cancer,1,False
dataset_procesado\sin_augmentacion\cancer\444.png,cancer,1,False
dataset_procesado\sin_augmentacion\cancer\445.png,cancer,1,False
dataset_procesado\sin_augmentacion\cancer\446.png,cancer,1,False
dataset_procesado\sin_augmentacion\cancer\447.png,cancer,1,False
dataset_procesado\sin_augmentacion\cancer\448.png,cancer,1,False
dataset_procesado\sin_augmentacion\cancer\449.png,cancer,1,False
dataset_procesado\sin_augmentacion\cancer\451.png,cancer,1,False
dataset_procesado\sin_augmentacion\cancer\452.png,cancer,1,False
dataset_procesado\sin_augmentacion\cancer\453.png,cancer,1,False
dataset_procesado\sin_augmentacion\cancer\454.png,cancer,1,False
dataset_procesado\sin_augmentacion\cancer\456.png,cancer,1,False
dataset_procesado\sin_augmentacion\cancer\457.png,cancer,1,False
dataset_procesado\sin_augmentacion\cancer\458.png,cancer,1,False
dataset_procesado\sin_augmentacion\cancer\459.png,cancer,1,False
dataset_procesado\sin_augmentacion\cancer\460.png,cancer,1,False
dataset_procesado\sin_augmentacion\cancer\461.png,cancer,1,False
dataset_procesado\sin_augmentacion\cancer\462.png,cancer,1,False
dataset_procesado\sin_augmentacion\cancer\463.png,cancer,1,False
dataset_procesado\sin_augmentacion\cancer\464.png,cancer,1,False
dataset_procesado\sin_augmentacion\cancer\465.png,cancer,1,False
dataset_procesado\sin_augmentacion\cancer\466.png,cancer,1,False
dataset_procesado\sin_augmentacion\cancer\467.png,cancer,1,False
dataset_procesado\sin_augmentacion\cancer\468.png,cancer,1,False
dataset_procesado\sin_augmentacion\cancer\469.png,cancer,1,False
dataset_procesado\sin_augmentacion\cancer\46e21e7be60567c4b9b2ca9018587f88_XL.png,cancer,1,False
dataset_procesado\sin_augmentacion\cancer\470.png,cancer,1,False
dataset_procesado\sin_augmentacion\cancer\471.png,cancer,1,False
dataset_procesado\sin_augmentacion\cancer\472.png,cancer,1,False
dataset_procesado\sin_augmentacion\cancer\473.png,cancer,1,False
dataset_procesado\sin_augmentacion\cancer\474.png,cancer,1,False
dataset_procesado\sin_augmentacion\cancer\475.png,cancer,1,False
dataset_procesado\sin_augmentacion\cancer\476.png,cancer,1,False
dataset_procesado\sin_augmentacion\cancer\477.png,cancer,1,False
dataset_procesado\sin_augmentacion\cancer\478.png,cancer,1,False
dataset_procesado\sin_augmentacion\cancer\479.png,cancer,1,False
dataset_procesado\sin_augmentacion\cancer\480.png,cancer,1,False
dataset_procesado\sin_augmentacion\cancer\482.png,cancer,1,False
dataset_procesado\sin_augmentacion\cancer\483.png,cancer,1,False
dataset_procesado\sin_augmentacion\cancer\484.png,cancer,1,False
dataset_procesado\sin_augmentacion\cancer\486.png,cancer,1,False
dataset_procesado\sin_augmentacion\cancer\487.png,cancer,1,False
dataset_procesado\sin_augmentacion\cancer\488.png,cancer,1,False
dataset_procesado\sin_augmentacion\cancer\489.png,cancer,1,False
dataset_procesado\sin_augmentacion\cancer\490.png,cancer,1,False
dataset_procesado\sin_augmentacion\cancer\491.png,cancer,1,False
dataset_procesado\sin_augmentacion\cancer\492.png,cancer,1,False
dataset_procesado\sin_augmentacion\cancer\493.png,cancer,1,False
dataset_procesado\sin_augmentacion\cancer\494.png,cancer,1,False
dataset_procesado\sin_augmentacion\cancer\495.png,cancer,1,False
dataset_procesado\sin_augmentacion\cancer\496.png,cancer,1,False
dataset_procesado\sin_augmentacion\cancer\497.png,cancer,1,False
dataset_procesado\sin_augmentacion\cancer\498.png,cancer,1,False
dataset_procesado\sin_augmentacion\cancer\499.png,cancer,1,False
dataset_procesado\sin_augmentacion\cancer\500.png,cancer,1,False
dataset_procesado\sin_augmentacion\cancer\949b9f09-aa54-454e-b631-b6d98e079f45.png,cancer,1,False
dataset_procesado\sin_augmentacion\cancer\a-Frontal-view-of-patient-with-lower-lip-squamous-cell-carcinoma-b-Postoperative.png,cancer,1,False
dataset_procesado\sin_augmentacion\cancer\a342a6a0-d3f6-4459-b99a-6a4d4313aa9f.png,cancer,1,False
dataset_procesado\sin_augmentacion\cancer\b2585c8d-65a0-4476-a4e6-a9f2d424cd60.png,cancer,1,False
dataset_procesado\sin_augmentacion\cancer\base-of-tongue-cancer-symptoms.png,cancer,1,False
dataset_procesado\sin_augmentacion\cancer\C0235749-Mouth_cancer-SPL-20170511085515620.png,cancer,1,False
dataset_procesado\sin_augmentacion\cancer\cancer 6.png,cancer,1,False
dataset_procesado\sin_augmentacion\cancer\Carcinomaoftherighttongue_OCT-20161108085557163.png,cancer,1,False
dataset_procesado\sin_augmentacion\cancer\d09a9b5c-a0b1-488f-9d50-2937fe578a7e.png,cancer,1,False
dataset_procesado\sin_augmentacion\cancer\dataset_1200px-ZungenCa2a.png,cancer,1,False
dataset_procesado\sin_augmentacion\cancer\dataset_1366.fig.1.png,cancer,1,False
dataset_procesado\sin_augmentacion\cancer\dataset_2-1080x675.png,cancer,1,False
dataset_procesado\sin_augmentacion\cancer\dataset_280x190_tongue_cancer_facts_ref_guide.png,cancer,1,False
dataset_procesado\sin_augmentacion\cancer\dataset_3-s2.0-B9780443100734500148-f10-07-9780443100734.png,cancer,1,False
dataset_procesado\sin_augmentacion\cancer\dataset_41415_2000_Article_BF4800481_Fig1_HTML.png,cancer,1,False
dataset_procesado\sin_augmentacion\cancer\dataset_41457tn.png,cancer,1,False
dataset_procesado\sin_augmentacion\cancer\dataset_650x350_oral_cancer_ref_guide.png,cancer,1,False
dataset_procesado\sin_augmentacion\cancer\dataset_base-of-tongue-cancer-symptoms.png,cancer,1,False
dataset_procesado\sin_augmentacion\cancer\dataset_cancer 6.png,cancer,1,False
dataset_procesado\sin_augmentacion\cancer\dataset_Carcinomaoftherighttongue_OCT-20161108085557163.png,cancer,1,False
dataset_procesado\sin_augmentacion\cancer\dataset_figure1.png,cancer,1,False
dataset_procesado\sin_augmentacion\cancer\dataset_left_lateral_tongue_dysplasia_3.png,cancer,1,False
dataset_procesado\sin_augmentacion\cancer\dataset_mouth-cancer-symptoms-1.png,cancer,1,False
dataset_procesado\sin_augmentacion\cancer\dataset_mouth-photo-3.png,cancer,1,False
dataset_procesado\sin_augmentacion\cancer\dataset_mouth-photo-4.png,cancer,1,False
dataset_procesado\sin_augmentacion\cancer\dataset_oral-cancer-by-j-shah-33-728.png,cancer,1,False
dataset_procesado\sin_augmentacion\cancer\dataset_Oral-cancer-Courtesy-of-Professor-Jan-Zapa1a-Chair-of-Cranio-Maxillofacial.png,cancer,1,False
dataset_procesado\sin_augmentacion\cancer\dataset_oral-cancer-screening.png,cancer,1,False
dataset_procesado\sin_augmentacion\cancer\dataset_oral-cancer-treatment-500x500.png,cancer,1,False
dataset_procesado\sin_augmentacion\cancer\dataset_oral-cancer__ProtectWyJQcm90ZWN0Il0_FocusFillWzI5NCwyMjIsIngiLDIwXQ.png,cancer,1,False
dataset_procesado\sin_augmentacion\cancer\dataset_oral-leukoplakia-br-image-credit-dermnet-new-zealand-br.png,cancer,1,False
dataset_procesado\sin_augmentacion\cancer\dataset_pract_oral_cancer.png,cancer,1,False
dataset_procesado\sin_augmentacion\cancer\dataset_squamous-cell-carinoma-of-the-tongue.png,cancer,1,False
dataset_procesado\sin_augmentacion\cancer\dataset_SRMJResDentSci_2013_4_1_35_116830_u1.png,cancer,1,False
dataset_procesado\sin_augmentacion\cancer\dataset_Tongue-cancer-symptoms.png,cancer,1,False
dataset_procesado\sin_augmentacion\cancer\download (2).png,cancer,1,False
dataset_procesado\sin_augmentacion\cancer\download (4).png,cancer,1,False
dataset_procesado\sin_augmentacion\cancer\download.png,cancer,1,False
dataset_procesado\sin_augmentacion\cancer\ds01089_im00213_c7_lipcancerpicturethu_jpg.png,cancer,1,False
dataset_procesado\sin_augmentacion\cancer\f063-001a-9781416025276.png,cancer,1,False
dataset_procesado\sin_augmentacion\cancer\f45634f6-0b4a-4d7d-ac44-5ea1658f728e.png,cancer,1,False
dataset_procesado\sin_augmentacion\cancer\figure1.png,cancer,1,False
dataset_procesado\sin_augmentacion\cancer\first-sign-lip-cancer_c3094f88d448d26b.png,cancer,1,False
dataset_procesado\sin_augmentacion\cancer\images (1).png,cancer,1,False
dataset_procesado\sin_augmentacion\cancer\images (2).png,cancer,1,False
dataset_procesado\sin_augmentacion\cancer\images (3).png,cancer,1,False
dataset_procesado\sin_augmentacion\cancer\images (4).png,cancer,1,False
dataset_procesado\sin_augmentacion\cancer\images (5).png,cancer,1,False
dataset_procesado\sin_augmentacion\cancer\images.png,cancer,1,False
dataset_procesado\sin_augmentacion\cancer\IMG_3506-e1564923599677.png,cancer,1,False
dataset_procesado\sin_augmentacion\cancer\ircmj-17-3-13478-g001-preview.png,cancer,1,False
dataset_procesado\sin_augmentacion\cancer\is-lip-cancer-painful.png,cancer,1,False
dataset_procesado\sin_augmentacion\cancer\lip-cancer-and-symptoms.png,cancer,1,False
dataset_procesado\sin_augmentacion\cancer\lip-cancer-br-image-credit-national-cancer-institute-2003-br.png,cancer,1,False
dataset_procesado\sin_augmentacion\cancer\lip-cancer-pictures-youtube-regarding-lip-cancer-pictures.png,cancer,1,False
dataset_procesado\sin_augmentacion\cancer\lip-reconstruction-gallery-skin-cancer-and-reconstructive-surgery-pertaining-to-lip-cancer-surgery.png,cancer,1,False
dataset_procesado\sin_augmentacion\cancer\lip_images_oct_2006.png,cancer,1,False
dataset_procesado\sin_augmentacion\cancer\lipreconstruction1.png,cancer,1,False
dataset_procesado\sin_augmentacion\cancer\lower lip and gums.png,cancer,1,False
dataset_procesado\sin_augmentacion\cancer\Lower_lip_cancer.png,cancer,1,False
dataset_procesado\sin_augmentacion\cancer\mouth-cancer-symptoms-1.png,cancer,1,False
dataset_procesado\sin_augmentacion\cancer\mouth-cancer.png,cancer,1,False
dataset_procesado\sin_augmentacion\cancer\mouth-photo-3.png,cancer,1,False
dataset_procesado\sin_augmentacion\cancer\mouth-photo-4.png,cancer,1,False
dataset_procesado\sin_augmentacion\cancer\oral-cancer-by-j-shah-33-728.png,cancer,1,False
dataset_procesado\sin_augmentacion\cancer\Oral-cancer-Courtesy-of-Professor-Jan-Zapa1a-Chair-of-Cranio-Maxillofacial.png,cancer,1,False
dataset_procesado\sin_augmentacion\cancer\oral-cancer-screening.png,cancer,1,False
dataset_procesado\sin_augmentacion\cancer\Oral-Cancer-Screenings.png,cancer,1,False
dataset_procesado\sin_augmentacion\cancer\oral-cancer-treatment-500x500.png,cancer,1,False
dataset_procesado\sin_augmentacion\cancer\oral-cancer__ProtectWyJQcm90ZWN0Il0_FocusFillWzI5NCwyMjIsIngiLDIwXQ.png,cancer,1,False
dataset_procesado\sin_augmentacion\cancer\oral-leukoplakia-br-image-credit-dermnet-new-zealand-br.png,cancer,1,False
dataset_procesado\sin_augmentacion\cancer\oralcancer1.png,cancer,1,False
dataset_procesado\sin_augmentacion\cancer\photo_2025-01-26_17-24-55.png,cancer,1,False
dataset_procesado\sin_augmentacion\cancer\photo_2025-01-26_17-25-03.png,cancer,1,False
dataset_procesado\sin_augmentacion\cancer\photo_2025-01-26_17-25-09.png,cancer,1,False
dataset_procesado\sin_augmentacion\cancer\photo_2025-01-26_17-25-13.png,cancer,1,False
dataset_procesado\sin_augmentacion\cancer\photo_2025-01-26_17-25-17.png,cancer,1,False
dataset_procesado\sin_augmentacion\cancer\photo_2025-01-26_17-25-21.png,cancer,1,False
dataset_procesado\sin_augmentacion\cancer\photo_2025-01-26_17-25-26.png,cancer,1,False
dataset_procesado\sin_augmentacion\cancer\photo_2025-01-26_17-25-30.png,cancer,1,False
dataset_procesado\sin_augmentacion\cancer\photo_2025-01-26_17-25-38.png,cancer,1,False
dataset_procesado\sin_augmentacion\cancer\photo_2025-01-26_17-25-43.png,cancer,1,False
dataset_procesado\sin_augmentacion\cancer\photo_2025-01-26_17-25-46.png,cancer,1,False
dataset_procesado\sin_augmentacion\cancer\photo_2025-01-26_17-25-50.png,cancer,1,False
dataset_procesado\sin_augmentacion\cancer\photo_2025-01-26_17-25-54.png,cancer,1,False
dataset_procesado\sin_augmentacion\cancer\photo_2025-01-26_17-26-03.png,cancer,1,False
dataset_procesado\sin_augmentacion\cancer\photo_2025-01-26_17-26-21.png,cancer,1,False
dataset_procesado\sin_augmentacion\cancer\photo_2025-01-26_17-26-25.png,cancer,1,False
dataset_procesado\sin_augmentacion\cancer\photo_2025-01-26_17-26-30.png,cancer,1,False
dataset_procesado\sin_augmentacion\cancer\photo_2025-01-26_17-26-34.png,cancer,1,False
dataset_procesado\sin_augmentacion\cancer\photo_2025-01-26_17-26-38.png,cancer,1,False
dataset_procesado\sin_augmentacion\cancer\photo_2025-01-26_17-26-42.png,cancer,1,False
dataset_procesado\sin_augmentacion\cancer\photo_2025-01-26_17-26-46.png,cancer,1,False
dataset_procesado\sin_augmentacion\cancer\photo_2025-01-26_17-26-50.png,cancer,1,False
dataset_procesado\sin_augmentacion\cancer\photo_2025-01-26_17-26-54.png,cancer,1,False
dataset_procesado\sin_augmentacion\cancer\photo_2025-01-26_17-26-59.png,cancer,1,False
dataset_procesado\sin_augmentacion\cancer\photo_2025-01-26_17-27-03.png,cancer,1,False
dataset_procesado\sin_augmentacion\cancer\photo_2025-01-26_17-27-11.png,cancer,1,False
dataset_procesado\sin_augmentacion\cancer\photo_2025-01-26_17-27-15.png,cancer,1,False
dataset_procesado\sin_augmentacion\cancer\photo_2025-01-26_17-27-19.png,cancer,1,False
dataset_procesado\sin_augmentacion\cancer\photo_2025-01-26_17-27-23.png,cancer,1,False
dataset_procesado\sin_augmentacion\cancer\photo_2025-01-26_17-27-27.png,cancer,1,False
dataset_procesado\sin_augmentacion\cancer\photo_2025-01-26_17-27-31.png,cancer,1,False
dataset_procesado\sin_augmentacion\cancer\photo_2025-01-26_17-27-34.png,cancer,1,False
dataset_procesado\sin_augmentacion\cancer\photo_2025-01-26_17-27-38.png,cancer,1,False
dataset_procesado\sin_augmentacion\cancer\photo_2025-01-26_17-27-43.png,cancer,1,False
dataset_procesado\sin_augmentacion\cancer\photo_2025-01-26_17-27-47.png,cancer,1,False
dataset_procesado\sin_augmentacion\cancer\photo_2025-01-26_17-27-56.png,cancer,1,False
dataset_procesado\sin_augmentacion\cancer\photo_2025-01-26_17-27-59.png,cancer,1,False
dataset_procesado\sin_augmentacion\cancer\photo_2025-01-26_17-28-03.png,cancer,1,False
dataset_procesado\sin_augmentacion\cancer\photo_2025-01-26_17-28-07.png,cancer,1,False
dataset_procesado\sin_augmentacion\cancer\photo_2025-01-26_17-28-11.png,cancer,1,False
dataset_procesado\sin_augmentacion\cancer\photo_2025-01-26_17-28-14.png,cancer,1,False
dataset_procesado\sin_augmentacion\cancer\photo_2025-01-26_17-28-19.png,cancer,1,False
dataset_procesado\sin_augmentacion\cancer\photo_2025-01-26_17-28-25.png,cancer,1,False
dataset_procesado\sin_augmentacion\cancer\photo_2025-01-26_17-28-30.png,cancer,1,False
dataset_procesado\sin_augmentacion\cancer\photo_2025-01-26_17-28-54.png,cancer,1,False
dataset_procesado\sin_augmentacion\cancer\photo_2025-01-26_17-28-59.png,cancer,1,False
dataset_procesado\sin_augmentacion\cancer\photo_2025-01-26_17-29-04.png,cancer,1,False
dataset_procesado\sin_augmentacion\cancer\photo_2025-01-26_17-29-08.png,cancer,1,False
dataset_procesado\sin_augmentacion\cancer\photo_2025-01-26_17-29-12.png,cancer,1,False
dataset_procesado\sin_augmentacion\cancer\photo_2025-01-26_17-29-17.png,cancer,1,False
dataset_procesado\sin_augmentacion\cancer\photo_2025-01-26_17-29-26.png,cancer,1,False
dataset_procesado\sin_augmentacion\cancer\photo_2025-01-26_17-29-30.png,cancer,1,False
dataset_procesado\sin_augmentacion\cancer\photo_2025-01-26_17-29-33.png,cancer,1,False
dataset_procesado\sin_augmentacion\cancer\photo_2025-01-26_17-29-37.png,cancer,1,False
dataset_procesado\sin_augmentacion\cancer\photo_2025-01-26_17-29-42.png,cancer,1,False
dataset_procesado\sin_augmentacion\cancer\photo_2025-01-26_17-29-45.png,cancer,1,False
dataset_procesado\sin_augmentacion\cancer\photo_2025-01-26_17-29-50.png,cancer,1,False
dataset_procesado\sin_augmentacion\cancer\photo_2025-01-26_17-29-59.png,cancer,1,False
dataset_procesado\sin_augmentacion\cancer\photo_2025-01-26_17-30-04.png,cancer,1,False
dataset_procesado\sin_augmentacion\cancer\photo_2025-01-26_17-30-09.png,cancer,1,False
dataset_procesado\sin_augmentacion\cancer\photo_2025-01-26_17-30-14.png,cancer,1,False
dataset_procesado\sin_augmentacion\cancer\photo_2025-01-26_17-30-18.png,cancer,1,False
dataset_procesado\sin_augmentacion\cancer\photo_2025-01-26_17-30-24.png,cancer,1,False
dataset_procesado\sin_augmentacion\cancer\photo_2025-01-26_17-30-28.png,cancer,1,False
dataset_procesado\sin_augmentacion\cancer\photo_2025-01-26_17-30-32.png,cancer,1,False
dataset_procesado\sin_augmentacion\cancer\photo_2025-01-26_17-30-36.png,cancer,1,False
dataset_procesado\sin_augmentacion\cancer\photo_2025-01-26_17-30-44.png,cancer,1,False
dataset_procesado\sin_augmentacion\cancer\photo_2025-01-26_17-30-48.png,cancer,1,False
dataset_procesado\sin_augmentacion\cancer\photo_2025-01-26_17-30-52.png,cancer,1,False
dataset_procesado\sin_augmentacion\cancer\photo_2025-01-26_17-30-56.png,cancer,1,False
dataset_procesado\sin_augmentacion\cancer\photo_2025-01-26_17-31-00.png,cancer,1,False
dataset_procesado\sin_augmentacion\cancer\photo_2025-01-26_17-31-03.png,cancer,1,False
dataset_procesado\sin_augmentacion\cancer\photo_2025-01-26_17-31-07.png,cancer,1,False
dataset_procesado\sin_augmentacion\cancer\photo_2025-01-26_17-31-11.png,cancer,1,False
dataset_procesado\sin_augmentacion\cancer\photo_2025-01-26_17-31-15.png,cancer,1,False
dataset_procesado\sin_augmentacion\cancer\photo_2025-01-26_17-31-19.png,cancer,1,False
dataset_procesado\sin_augmentacion\cancer\photo_2025-01-26_17-31-27.png,cancer,1,False
dataset_procesado\sin_augmentacion\cancer\photo_2025-01-26_17-31-31.png,cancer,1,False
dataset_procesado\sin_augmentacion\cancer\photo_2025-01-26_17-31-35.png,cancer,1,False
dataset_procesado\sin_augmentacion\cancer\photo_2025-01-26_17-31-39.png,cancer,1,False
dataset_procesado\sin_augmentacion\cancer\photo_2025-01-26_17-31-43.png,cancer,1,False
dataset_procesado\sin_augmentacion\cancer\photo_2025-01-26_17-31-47.png,cancer,1,False
dataset_procesado\sin_augmentacion\cancer\photo_2025-01-26_17-31-51.png,cancer,1,False
dataset_procesado\sin_augmentacion\cancer\photo_2025-01-26_17-31-54.png,cancer,1,False
dataset_procesado\sin_augmentacion\cancer\photo_2025-01-26_17-31-59.png,cancer,1,False
dataset_procesado\sin_augmentacion\cancer\photo_2025-01-26_17-32-03.png,cancer,1,False
dataset_procesado\sin_augmentacion\cancer\photo_2025-01-26_17-32-07.png,cancer,1,False
dataset_procesado\sin_augmentacion\cancer\photo_2025-01-26_17-32-12.png,cancer,1,False
dataset_procesado\sin_augmentacion\cancer\photo_2025-01-26_17-32-16.png,cancer,1,False
dataset_procesado\sin_augmentacion\cancer\photo_2025-01-26_17-32-25.png,cancer,1,False
dataset_procesado\sin_augmentacion\cancer\photo_2025-01-26_17-32-29.png,cancer,1,False
dataset_procesado\sin_augmentacion\cancer\pract_oral_cancer.png,cancer,1,False
dataset_procesado\sin_augmentacion\cancer\S1.png,cancer,1,False
dataset_procesado\sin_augmentacion\cancer\S10.png,cancer,1,False
dataset_procesado\sin_augmentacion\cancer\S11.png,cancer,1,False
dataset_procesado\sin_augmentacion\cancer\S12.png,cancer,1,False
dataset_procesado\sin_augmentacion\cancer\S13.png,cancer,1,False
dataset_procesado\sin_augmentacion\cancer\S14.png,cancer,1,False
dataset_procesado\sin_augmentacion\cancer\S15.png,cancer,1,False
dataset_procesado\sin_augmentacion\cancer\S16.png,cancer,1,False
dataset_procesado\sin_augmentacion\cancer\S17.png,cancer,1,False
dataset_procesado\sin_augmentacion\cancer\S2.png,cancer,1,False
dataset_procesado\sin_augmentacion\cancer\S3.png,cancer,1,False
dataset_procesado\sin_augmentacion\cancer\S4.png,cancer,1,False
dataset_procesado\sin_augmentacion\cancer\S5.png,cancer,1,False
dataset_procesado\sin_augmentacion\cancer\S6.png,cancer,1,False
dataset_procesado\sin_augmentacion\cancer\S7.png,cancer,1,False
dataset_procesado\sin_augmentacion\cancer\S8.png,cancer,1,False
dataset_procesado\sin_augmentacion\cancer\S9.png,cancer,1,False
dataset_procesado\sin_augmentacion\cancer\Screenshot 2020-03-16 at 10.47.50 AM.png,cancer,1,False
dataset_procesado\sin_augmentacion\cancer\skin-cancer-of-the-lip.png,cancer,1,False
dataset_procesado\sin_augmentacion\cancer\skin-cancer-on-lips-treatment.png,cancer,1,False
dataset_procesado\sin_augmentacion\cancer\squamous-cell-carinoma-of-the-tongue.png,cancer,1,False
dataset_procesado\sin_augmentacion\cancer\SRMJResDentSci_2013_4_1_35_116830_u1.png,cancer,1,False
dataset_procesado\sin_augmentacion\cancer\Tongue-cancer-symptoms.png,cancer,1,False
dataset_procesado\sin_augmentacion\cancer\VWH-DermNetNZ-Geographic-Tongue-01-a85febae40e043449aa4a3002615e37e.png,cancer,1,False
dataset_procesado\sin_augmentacion\normal\001.png,normal,0,False
dataset_procesado\sin_augmentacion\normal\002.png,normal,0,False
dataset_procesado\sin_augmentacion\normal\003.png,normal,0,False
dataset_procesado\sin_augmentacion\normal\004.png,normal,0,False
dataset_procesado\sin_augmentacion\normal\005.png,normal,0,False
dataset_procesado\sin_augmentacion\normal\006.png,normal,0,False
dataset_procesado\sin_augmentacion\normal\007.png,normal,0,False
dataset_procesado\sin_augmentacion\normal\008.png,normal,0,False
dataset_procesado\sin_augmentacion\normal\009.png,normal,0,False
dataset_procesado\sin_augmentacion\normal\010.png,normal,0,False
dataset_procesado\sin_augmentacion\normal\011.png,normal,0,False
dataset_procesado\sin_augmentacion\normal\012.png,normal,0,False
dataset_procesado\sin_augmentacion\normal\013.png,normal,0,False
dataset_procesado\sin_augmentacion\normal\014.png,normal,0,False
dataset_procesado\sin_augmentacion\normal\015.png,normal,0,False
dataset_procesado\sin_augmentacion\normal\016.png,normal,0,False
dataset_procesado\sin_augmentacion\normal\017.png,normal,0,False
dataset_procesado\sin_augmentacion\normal\018.png,normal,0,False
dataset_procesado\sin_augmentacion\normal\019.png,normal,0,False
dataset_procesado\sin_augmentacion\normal\020.png,normal,0,False
dataset_procesado\sin_augmentacion\normal\021.png,normal,0,False
dataset_procesado\sin_augmentacion\normal\022.png,normal,0,False
dataset_procesado\sin_augmentacion\normal\023.png,normal,0,False
dataset_procesado\sin_augmentacion\normal\024.png,normal,0,False
dataset_procesado\sin_augmentacion\normal\025.png,normal,0,False
dataset_procesado\sin_augmentacion\normal\026.png,normal,0,False
dataset_procesado\sin_augmentacion\normal\027.png,normal,0,False
dataset_procesado\sin_augmentacion\normal\028.png,normal,0,False
dataset_procesado\sin_augmentacion\normal\029.png,normal,0,False
dataset_procesado\sin_augmentacion\normal\030.png,normal,0,False
dataset_procesado\sin_augmentacion\normal\031.png,normal,0,False
dataset_procesado\sin_augmentacion\normal\032.png,normal,0,False
dataset_procesado\sin_augmentacion\normal\033.png,normal,0,False
dataset_procesado\sin_augmentacion\normal\034.png,normal,0,False
dataset_procesado\sin_augmentacion\normal\035.png,normal,0,False
dataset_procesado\sin_augmentacion\normal\036.png,normal,0,False
dataset_procesado\sin_augmentacion\normal\037.png,normal,0,False
dataset_procesado\sin_augmentacion\normal\038.png,normal,0,False
dataset_procesado\sin_augmentacion\normal\039.png,normal,0,False
dataset_procesado\sin_augmentacion\normal\040.png,normal,0,False
dataset_procesado\sin_augmentacion\normal\041.png,normal,0,False
dataset_procesado\sin_augmentacion\normal\042.png,normal,0,False
dataset_procesado\sin_augmentacion\normal\043.png,normal,0,False
dataset_procesado\sin_augmentacion\normal\044.png,normal,0,False
dataset_procesado\sin_augmentacion\normal\045.png,normal,0,False
dataset_procesado\sin_augmentacion\normal\046.png,normal,0,False
dataset_procesado\sin_augmentacion\normal\047.png,normal,0,False
dataset_procesado\sin_augmentacion\normal\048.png,normal,0,False
dataset_procesado\sin_augmentacion\normal\049.png,normal,0,False
dataset_procesado\sin_augmentacion\normal\050.png,normal,0,False
dataset_procesado\sin_augmentacion\normal\051.png,normal,0,False
dataset_procesado\sin_augmentacion\normal\052.png,normal,0,False
dataset_procesado\sin_augmentacion\normal\053.png,normal,0,False
dataset_procesado\sin_augmentacion\normal\054.png,normal,0,False
dataset_procesado\sin_augmentacion\normal\055.png,normal,0,False
dataset_procesado\sin_augmentacion\normal\056.png,normal,0,False
dataset_procesado\sin_augmentacion\normal\057.png,normal,0,False
dataset_procesado\sin_augmentacion\normal\058.png,normal,0,False
dataset_procesado\sin_augmentacion\normal\059.png,normal,0,False
dataset_procesado\sin_augmentacion\normal\060.png,normal,0,False
dataset_procesado\sin_augmentacion\normal\061.png,normal,0,False
dataset_procesado\sin_augmentacion\normal\062.png,normal,0,False
dataset_procesado\sin_augmentacion\normal\063.png,normal,0,False
dataset_procesado\sin_augmentacion\normal\064.png,normal,0,False
dataset_procesado\sin_augmentacion\normal\065.png,normal,0,False
dataset_procesado\sin_augmentacion\normal\066.png,normal,0,False
dataset_procesado\sin_augmentacion\normal\067.png,normal,0,False
dataset_procesado\sin_augmentacion\normal\068.png,normal,0,False
dataset_procesado\sin_augmentacion\normal\069.png,normal,0,False
dataset_procesado\sin_augmentacion\normal\070.png,normal,0,False
dataset_procesado\sin_augmentacion\normal\071.png,normal,0,False
dataset_procesado\sin_augmentacion\normal\072.png,normal,0,False
dataset_procesado\sin_augmentacion\normal\073.png,normal,0,False
dataset_procesado\sin_augmentacion\normal\074.png,normal,0,False
dataset_procesado\sin_augmentacion\normal\075.png,normal,0,False
dataset_procesado\sin_augmentacion\normal\076.png,normal,0,False
dataset_procesado\sin_augmentacion\normal\077.png,normal,0,False
dataset_procesado\sin_augmentacion\normal\078.png,normal,0,False
dataset_procesado\sin_augmentacion\normal\079.png,normal,0,False
dataset_procesado\sin_augmentacion\normal\080.png,normal,0,False
dataset_procesado\sin_augmentacion\normal\081.png,normal,0,False
dataset_procesado\sin_augmentacion\normal\082.png,normal,0,False
dataset_procesado\sin_augmentacion\normal\083.png,normal,0,False
dataset_procesado\sin_augmentacion\normal\084.png,normal,0,False
dataset_procesado\sin_augmentacion\normal\085.png,normal,0,False
dataset_procesado\sin_augmentacion\normal\086.png,normal,0,False
dataset_procesado\sin_augmentacion\normal\087.png,normal,0,False
dataset_procesado\sin_augmentacion\normal\088.png,normal,0,False
dataset_procesado\sin_augmentacion\normal\089.png,normal,0,False
dataset_procesado\sin_augmentacion\normal\090.png,normal,0,False
dataset_procesado\sin_augmentacion\normal\091.png,normal,0,False
dataset_procesado\sin_augmentacion\normal\092.png,normal,0,False
dataset_procesado\sin_augmentacion\normal\093.png,normal,0,False
dataset_procesado\sin_augmentacion\normal\094.png,normal,0,False
dataset_procesado\sin_augmentacion\normal\095.png,normal,0,False
dataset_procesado\sin_augmentacion\normal\096.png,normal,0,False
dataset_procesado\sin_augmentacion\normal\097.png,normal,0,False
dataset_procesado\sin_augmentacion\normal\098.png,normal,0,False
dataset_procesado\sin_augmentacion\normal\099.png,normal,0,False
dataset_procesado\sin_augmentacion\normal\100.png,normal,0,False
dataset_procesado\sin_augmentacion\normal\101.png,normal,0,False
dataset_procesado\sin_augmentacion\normal\102.png,normal,0,False
dataset_procesado\sin_augmentacion\normal\103.png,normal,0,False
dataset_procesado\sin_augmentacion\normal\104.png,normal,0,False
dataset_procesado\sin_augmentacion\normal\105.png,normal,0,False
dataset_procesado\sin_augmentacion\normal\106.png,normal,0,False
dataset_procesado\sin_augmentacion\normal\107.png,normal,0,False
dataset_procesado\sin_augmentacion\normal\108.png,normal,0,False
dataset_procesado\sin_augmentacion\normal\109.png,normal,0,False
dataset_procesado\sin_augmentacion\normal\110.png,normal,0,False
dataset_procesado\sin_augmentacion\normal\111.png,normal,0,False
dataset_procesado\sin_augmentacion\normal\112.png,normal,0,False
dataset_procesado\sin_augmentacion\normal\113.png,normal,0,False
dataset_procesado\sin_augmentacion\normal\114.png,normal,0,False
dataset_procesado\sin_augmentacion\normal\115.png,normal,0,False
dataset_procesado\sin_augmentacion\normal\116.png,normal,0,False
dataset_procesado\sin_augmentacion\normal\117.png,normal,0,False
dataset_procesado\sin_augmentacion\normal\118.png,normal,0,False
dataset_procesado\sin_augmentacion\normal\119.png,normal,0,False
dataset_procesado\sin_augmentacion\normal\120.png,normal,0,False
dataset_procesado\sin_augmentacion\normal\121.png,normal,0,False
dataset_procesado\sin_augmentacion\normal\122.png,normal,0,False
dataset_procesado\sin_augmentacion\normal\123.png,normal,0,False
dataset_procesado\sin_augmentacion\normal\124.png,normal,0,False
dataset_procesado\sin_augmentacion\normal\125.png,normal,0,False
dataset_procesado\sin_augmentacion\normal\126.png,normal,0,False
dataset_procesado\sin_augmentacion\normal\12654650-6954555-image-a-22_1556101508834-Edited.png,normal,0,False
dataset_procesado\sin_augmentacion\normal\127.png,normal,0,False
dataset_procesado\sin_augmentacion\normal\128.png,normal,0,False
dataset_procesado\sin_augmentacion\normal\129.png,normal,0,False
dataset_procesado\sin_augmentacion\normal\130.png,normal,0,False
dataset_procesado\sin_augmentacion\normal\131.png,normal,0,False
dataset_procesado\sin_augmentacion\normal\132.png,normal,0,False
dataset_procesado\sin_augmentacion\normal\133.png,normal,0,False
dataset_procesado\sin_augmentacion\normal\134.png,normal,0,False
dataset_procesado\sin_augmentacion\normal\135.png,normal,0,False
dataset_procesado\sin_augmentacion\normal\136.png,normal,0,False
dataset_procesado\sin_augmentacion\normal\1366.fig.1.png,normal,0,False
dataset_procesado\sin_augmentacion\normal\137.png,normal,0,False
dataset_procesado\sin_augmentacion\normal\138.png,normal,0,False
dataset_procesado\sin_augmentacion\normal\139.png,normal,0,False
dataset_procesado\sin_augmentacion\normal\140.png,normal,0,False
dataset_procesado\sin_augmentacion\normal\141.png,normal,0,False
dataset_procesado\sin_augmentacion\normal\142.png,normal,0,False
dataset_procesado\sin_augmentacion\normal\143.png,normal,0,False
dataset_procesado\sin_augmentacion\normal\144.png,normal,0,False
dataset_procesado\sin_augmentacion\normal\145.png,normal,0,False
dataset_procesado\sin_augmentacion\normal\146.png,normal,0,False
dataset_procesado\sin_augmentacion\normal\147.png,normal,0,False
dataset_procesado\sin_augmentacion\normal\148.png,normal,0,False
dataset_procesado\sin_augmentacion\normal\149.png,normal,0,False
dataset_procesado\sin_augmentacion\normal\150.png,normal,0,False
dataset_procesado\sin_augmentacion\normal\151.png,normal,0,False
dataset_procesado\sin_augmentacion\normal\152.png,normal,0,False
dataset_procesado\sin_augmentacion\normal\153.png,normal,0,False
dataset_procesado\sin_augmentacion\normal\154.png,normal,0,False
dataset_procesado\sin_augmentacion\normal\155.png,normal,0,False
dataset_procesado\sin_augmentacion\normal\156.png,normal,0,False
dataset_procesado\sin_augmentacion\normal\157.png,normal,0,False
dataset_procesado\sin_augmentacion\normal\158.png,normal,0,False
dataset_procesado\sin_augmentacion\normal\159.png,normal,0,False
dataset_procesado\sin_augmentacion\normal\160.png,normal,0,False
dataset_procesado\sin_augmentacion\normal\161.png,normal,0,False
dataset_procesado\sin_augmentacion\normal\162.png,normal,0,False
dataset_procesado\sin_augmentacion\normal\163.png,normal,0,False
dataset_procesado\sin_augmentacion\normal\164.png,normal,0,False
dataset_procesado\sin_augmentacion\normal\165.png,normal,0,False
dataset_procesado\sin_augmentacion\normal\166.png,normal,0,False
dataset_procesado\sin_augmentacion\normal\167.png,normal,0,False
dataset_procesado\sin_augmentacion\normal\168.png,normal,0,False
dataset_procesado\sin_augmentacion\normal\169.png,normal,0,False
dataset_procesado\sin_augmentacion\normal\170.png,normal,0,False
dataset_procesado\sin_augmentacion\normal\171.png,normal,0,False
dataset_procesado\sin_augmentacion\normal\172.png,normal,0,False
dataset_procesado\sin_augmentacion\normal\173.png,normal,0,False
dataset_procesado\sin_augmentacion\normal\174.png,normal,0,False
dataset_procesado\sin_augmentacion\normal\175.png,normal,0,False
dataset_procesado\sin_augmentacion\normal\176.png,normal,0,False
dataset_procesado\sin_augmentacion\normal\177.png,normal,0,False
dataset_procesado\sin_augmentacion\normal\178.png,normal,0,False
dataset_procesado\sin_augmentacion\normal\179.png,normal,0,False
dataset_procesado\sin_augmentacion\normal\180.png,normal,0,False
dataset_procesado\sin_augmentacion\normal\181.png,normal,0,False
dataset_procesado\sin_augmentacion\normal\182.png,normal,0,False
dataset_procesado\sin_augmentacion\normal\183.png,normal,0,False
dataset_procesado\sin_augmentacion\normal\184.png,normal,0,False
dataset_procesado\sin_augmentacion\normal\185.png,normal,0,False
dataset_procesado\sin_augmentacion\normal\186.png,normal,0,False
dataset_procesado\sin_augmentacion\normal\187.png,normal,0,False
dataset_procesado\sin_augmentacion\normal\188.png,normal,0,False
dataset_procesado\sin_augmentacion\normal\189.png,normal,0,False
dataset_procesado\sin_augmentacion\normal\190.png,normal,0,False
dataset_procesado\sin_augmentacion\normal\191.png,normal,0,False
dataset_procesado\sin_augmentacion\normal\192.png,normal,0,False
dataset_procesado\sin_augmentacion\normal\193.png,normal,0,False
dataset_procesado\sin_augmentacion\normal\194.png,normal,0,False
dataset_procesado\sin_augmentacion\normal\195.png,normal,0,False
dataset_procesado\sin_augmentacion\normal\196.png,normal,0,False
dataset_procesado\sin_augmentacion\normal\197.png,normal,0,False
dataset_procesado\sin_augmentacion\normal\198.png,normal,0,False
dataset_procesado\sin_augmentacion\normal\199.png,normal,0,False
dataset_procesado\sin_augmentacion\normal\200.png,normal,0,False
dataset_procesado\sin_augmentacion\normal\201.png,normal,0,False
dataset_procesado\sin_augmentacion\normal\20190916_1420142.png,normal,0,False
dataset_procesado\sin_augmentacion\normal\20191129_1750382.png,normal,0,False
dataset_procesado\sin_augmentacion\normal\20191129_1825022.png,normal,0,False
dataset_procesado\sin_augmentacion\normal\20191129_1827192.png,normal,0,False
dataset_procesado\sin_augmentacion\normal\202.png,normal,0,False
dataset_procesado\sin_augmentacion\normal\20200302_1725362.png,normal,0,False
dataset_procesado\sin_augmentacion\normal\20200303_1146172.png,normal,0,False
dataset_procesado\sin_augmentacion\normal\20200314_1117132.png,normal,0,False
dataset_procesado\sin_augmentacion\normal\20200314_1117432.png,normal,0,False
dataset_procesado\sin_augmentacion\normal\20200314_1123332.png,normal,0,False
dataset_procesado\sin_augmentacion\normal\20200314_1124072.png,normal,0,False
dataset_procesado\sin_augmentacion\normal\20200314_1125032.png,normal,0,False
dataset_procesado\sin_augmentacion\normal\20200314_1129242.png,normal,0,False
dataset_procesado\sin_augmentacion\normal\20200314_1129243.png,normal,0,False
dataset_procesado\sin_augmentacion\normal\20200314_1129245.png,normal,0,False
dataset_procesado\sin_augmentacion\normal\20200314_1130302.png,normal,0,False
dataset_procesado\sin_augmentacion\normal\20200314_1130303.png,normal,0,False
dataset_procesado\sin_augmentacion\normal\20200314_1130304.png,normal,0,False
dataset_procesado\sin_augmentacion\normal\203.png,normal,0,False
dataset_procesado\sin_augmentacion\normal\204.png,normal,0,False
dataset_procesado\sin_augmentacion\normal\205.png,normal,0,False
dataset_procesado\sin_augmentacion\normal\206.png,normal,0,False
dataset_procesado\sin_augmentacion\normal\207.png,normal,0,False
dataset_procesado\sin_augmentacion\normal\208.png,normal,0,False
dataset_procesado\sin_augmentacion\normal\209.png,normal,0,False
dataset_procesado\sin_augmentacion\normal\210.png,normal,0,False
dataset_procesado\sin_augmentacion\normal\211.png,normal,0,False
dataset_procesado\sin_augmentacion\normal\212.png,normal,0,False
dataset_procesado\sin_augmentacion\normal\213.png,normal,0,False
dataset_procesado\sin_augmentacion\normal\214.png,normal,0,False
dataset_procesado\sin_augmentacion\normal\215.png,normal,0,False
dataset_procesado\sin_augmentacion\normal\216.png,normal,0,False
dataset_procesado\sin_augmentacion\normal\217.png,normal,0,False
dataset_procesado\sin_augmentacion\normal\218.png,normal,0,False
dataset_procesado\sin_augmentacion\normal\219.png,normal,0,False
dataset_procesado\sin_augmentacion\normal\220.png,normal,0,False
dataset_procesado\sin_augmentacion\normal\221.png,normal,0,False
dataset_procesado\sin_augmentacion\normal\222.png,normal,0,False
dataset_procesado\sin_augmentacion\normal\223.png,normal,0,False
dataset_procesado\sin_augmentacion\normal\224.png,normal,0,False
dataset_procesado\sin_augmentacion\normal\225.png,normal,0,False
dataset_procesado\sin_augmentacion\normal\226.png,normal,0,False
dataset_procesado\sin_augmentacion\normal\227.png,normal,0,False
dataset_procesado\sin_augmentacion\normal\228.png,normal,0,False
dataset_procesado\sin_augmentacion\normal\229.png,normal,0,False
dataset_procesado\sin_augmentacion\normal\230.png,normal,0,False
dataset_procesado\sin_augmentacion\normal\231.png,normal,0,False
dataset_procesado\sin_augmentacion\normal\232.png,normal,0,False
dataset_procesado\sin_augmentacion\normal\233.png,normal,0,False
dataset_procesado\sin_augmentacion\normal\234.png,normal,0,False
dataset_procesado\sin_augmentacion\normal\235.png,normal,0,False
dataset_procesado\sin_augmentacion\normal\236.png,normal,0,False
dataset_procesado\sin_augmentacion\normal\237.png,normal,0,False
dataset_procesado\sin_augmentacion\normal\238.png,normal,0,False
dataset_procesado\sin_augmentacion\normal\239.png,normal,0,False
dataset_procesado\sin_augmentacion\normal\240.png,normal,0,False
dataset_procesado\sin_augmentacion\normal\241.png,normal,0,False
dataset_procesado\sin_augmentacion\normal\242.png,normal,0,False
dataset_procesado\sin_augmentacion\normal\243.png,normal,0,False
dataset_procesado\sin_augmentacion\normal\244.png,normal,0,False
dataset_procesado\sin_augmentacion\normal\245.png,normal,0,False
dataset_procesado\sin_augmentacion\normal\246.png,normal,0,False
dataset_procesado\sin_augmentacion\normal\247.png,normal,0,False
dataset_procesado\sin_augmentacion\normal\248.png,normal,0,False
dataset_procesado\sin_augmentacion\normal\249.png,normal,0,False
dataset_procesado\sin_augmentacion\normal\250.png,normal,0,False
dataset_procesado\sin_augmentacion\normal\251.png,normal,0,False
dataset_procesado\sin_augmentacion\normal\252.png,normal,0,False
dataset_procesado\sin_augmentacion\normal\253.png,normal,0,False
dataset_procesado\sin_augmentacion\normal\254.png,normal,0,False
dataset_procesado\sin_augmentacion\normal\255.png,normal,0,False
dataset_procesado\sin_augmentacion\normal\2557579.png,normal,0,False
dataset_procesado\sin_augmentacion\normal\256.png,normal,0,False
dataset_procesado\sin_augmentacion\normal\257.png,normal,0,False
dataset_procesado\sin_augmentacion\normal\258.png,normal,0,False
dataset_procesado\sin_augmentacion\normal\259.png,normal,0,False
dataset_procesado\sin_augmentacion\normal\260.png,normal,0,False
dataset_procesado\sin_augmentacion\normal\261.png,normal,0,False
dataset_procesado\sin_augmentacion\normal\262.png,normal,0,False
dataset_procesado\sin_augmentacion\normal\263.png,normal,0,False
dataset_procesado\sin_augmentacion\normal\264.png,normal,0,False
dataset_procesado\sin_augmentacion\normal\265.png,normal,0,False
dataset_procesado\sin_augmentacion\normal\266.png,normal,0,False
dataset_procesado\sin_augmentacion\normal\267.png,normal,0,False
dataset_procesado\sin_augmentacion\normal\268.png,normal,0,False
dataset_procesado\sin_augmentacion\normal\269.png,normal,0,False
dataset_procesado\sin_augmentacion\normal\270.png,normal,0,False
dataset_procesado\sin_augmentacion\normal\271.png,normal,0,False
dataset_procesado\sin_augmentacion\normal\272.png,normal,0,False
dataset_procesado\sin_augmentacion\normal\273.png,normal,0,False
dataset_procesado\sin_augmentacion\normal\274.png,normal,0,False
dataset_procesado\sin_augmentacion\normal\275.png,normal,0,False
dataset_procesado\sin_augmentacion\normal\276.png,normal,0,False
dataset_procesado\sin_augmentacion\normal\277.png,normal,0,False
dataset_procesado\sin_augmentacion\normal\278.png,normal,0,False
dataset_procesado\sin_augmentacion\normal\279.png,normal,0,False
dataset_procesado\sin_augmentacion\normal\280.png,normal,0,False
dataset_procesado\sin_augmentacion\normal\281.png,normal,0,False
dataset_procesado\sin_augmentacion\normal\282.png,normal,0,False
dataset_procesado\sin_augmentacion\normal\283.png,normal,0,False
dataset_procesado\sin_augmentacion\normal\284.png,normal,0,False
dataset_procesado\sin_augmentacion\normal\285.png,normal,0,False
dataset_procesado\sin_augmentacion\normal\286.png,normal,0,False
dataset_procesado\sin_augmentacion\normal\287.png,normal,0,False
dataset_procesado\sin_augmentacion\normal\288.png,normal,0,False
dataset_procesado\sin_augmentacion\normal\289.png,normal,0,False
dataset_procesado\sin_augmentacion\normal\290.png,normal,0,False
dataset_procesado\sin_augmentacion\normal\291.png,normal,0,False
dataset_procesado\sin_augmentacion\normal\292.png,normal,0,False
dataset_procesado\sin_augmentacion\normal\293.png,normal,0,False
dataset_procesado\sin_augmentacion\normal\294.png,normal,0,False
dataset_procesado\sin_augmentacion\normal\295.png,normal,0,False
dataset_procesado\sin_augmentacion\normal\296.png,normal,0,False
dataset_procesado\sin_augmentacion\normal\297.png,normal,0,False
dataset_procesado\sin_augmentacion\normal\298.png,normal,0,False
dataset_procesado\sin_augmentacion\normal\299.png,normal,0,False
dataset_procesado\sin_augmentacion\normal\300.png,normal,0,False
dataset_procesado\sin_augmentacion\normal\301.png,normal,0,False
dataset_procesado\sin_augmentacion\normal\302.png,normal,0,False
dataset_procesado\sin_augmentacion\normal\303.png,normal,0,False
dataset_procesado\sin_augmentacion\normal\304.png,normal,0,False
dataset_procesado\sin_augmentacion\normal\305.png,normal,0,False
dataset_procesado\sin_augmentacion\normal\306.png,normal,0,False
dataset_procesado\sin_augmentacion\normal\307.png,normal,0,False
dataset_procesado\sin_augmentacion\normal\308.png,normal,0,False
dataset_procesado\sin_augmentacion\normal\309.png,normal,0,False
dataset_procesado\sin_augmentacion\normal\310.png,normal,0,False
dataset_procesado\sin_augmentacion\normal\311.png,normal,0,False
dataset_procesado\sin_augmentacion\normal\312.png,normal,0,False
dataset_procesado\sin_augmentacion\normal\313.png,normal,0,False
dataset_procesado\sin_augmentacion\normal\314.png,normal,0,False
dataset_procesado\sin_augmentacion\normal\315.png,normal,0,False
dataset_procesado\sin_augmentacion\normal\316.png,normal,0,False
dataset_procesado\sin_augmentacion\normal\317.png,normal,0,False
dataset_procesado\sin_augmentacion\normal\318.png,normal,0,False
dataset_procesado\sin_augmentacion\normal\319.png,normal,0,False
dataset_procesado\sin_augmentacion\normal\320.png,normal,0,False
dataset_procesado\sin_augmentacion\normal\321.png,normal,0,False
dataset_procesado\sin_augmentacion\normal\322.png,normal,0,False
dataset_procesado\sin_augmentacion\normal\323.png,normal,0,False
dataset_procesado\sin_augmentacion\normal\324.png,normal,0,False
dataset_procesado\sin_augmentacion\normal\325.png,normal,0,False
dataset_procesado\sin_augmentacion\normal\326.png,normal,0,False
dataset_procesado\sin_augmentacion\normal\327.png,normal,0,False
dataset_procesado\sin_augmentacion\normal\328.png,normal,0,False
dataset_procesado\sin_augmentacion\normal\329.png,normal,0,False
dataset_procesado\sin_augmentacion\normal\330.png,normal,0,False
dataset_procesado\sin_augmentacion\normal\331.png,normal,0,False
dataset_procesado\sin_augmentacion\normal\332.png,normal,0,False
dataset_procesado\sin_augmentacion\normal\333.png,normal,0,False
dataset_procesado\sin_augmentacion\normal\334.png,normal,0,False
dataset_procesado\sin_augmentacion\normal\335.png,normal,0,False
dataset_procesado\sin_augmentacion\normal\336.png,normal,0,False
dataset_procesado\sin_augmentacion\normal\337.png,normal,0,False
dataset_procesado\sin_augmentacion\normal\338.png,normal,0,False
dataset_procesado\sin_augmentacion\normal\339.png,normal,0,False
dataset_procesado\sin_augmentacion\normal\340.png,normal,0,False
dataset_procesado\sin_augmentacion\normal\341.png,normal,0,False
dataset_procesado\sin_augmentacion\normal\342.png,normal,0,False
dataset_procesado\sin_augmentacion\normal\343.png,normal,0,False
dataset_procesado\sin_augmentacion\normal\344.png,normal,0,False
dataset_procesado\sin_augmentacion\normal\345.png,normal,0,False
dataset_procesado\sin_augmentacion\normal\346.png,normal,0,False
dataset_procesado\sin_augmentacion\normal\347.png,normal,0,False
dataset_procesado\sin_augmentacion\normal\348.png,normal,0,False
dataset_procesado\sin_augmentacion\normal\349.png,normal,0,False
dataset_procesado\sin_augmentacion\normal\350.png,normal,0,False
dataset_procesado\sin_augmentacion\normal\351.png,normal,0,False
dataset_procesado\sin_augmentacion\normal\352.png,normal,0,False
dataset_procesado\sin_augmentacion\normal\353.png,normal,0,False
dataset_procesado\sin_augmentacion\normal\354.png,normal,0,False
dataset_procesado\sin_augmentacion\normal\355.png,normal,0,False
dataset_procesado\sin_augmentacion\normal\35556-m.png,normal,0,False
dataset_procesado\sin_augmentacion\normal\356.png,normal,0,False
dataset_procesado\sin_augmentacion\normal\357.png,normal,0,False
dataset_procesado\sin_augmentacion\normal\358.png,normal,0,False
dataset_procesado\sin_augmentacion\normal\359.png,normal,0,False
dataset_procesado\sin_augmentacion\normal\360.png,normal,0,False
dataset_procesado\sin_augmentacion\normal\361.png,normal,0,False
dataset_procesado\sin_augmentacion\normal\362.png,normal,0,False
dataset_procesado\sin_augmentacion\normal\363.png,normal,0,False
dataset_procesado\sin_augmentacion\normal\364.png,normal,0,False
dataset_procesado\sin_augmentacion\normal\365.png,normal,0,False
dataset_procesado\sin_augmentacion\normal\366.png,normal,0,False
dataset_procesado\sin_augmentacion\normal\367.png,normal,0,False
dataset_procesado\sin_augmentacion\normal\368.png,normal,0,False
dataset_procesado\sin_augmentacion\normal\369.png,normal,0,False
dataset_procesado\sin_augmentacion\normal\370.png,normal,0,False
dataset_procesado\sin_augmentacion\normal\371.png,normal,0,False
dataset_procesado\sin_augmentacion\normal\372.png,normal,0,False
dataset_procesado\sin_augmentacion\normal\373.png,normal,0,False
dataset_procesado\sin_augmentacion\normal\374.png,normal,0,False
dataset_procesado\sin_augmentacion\normal\375.png,normal,0,False
dataset_procesado\sin_augmentacion\normal\376.png,normal,0,False
dataset_procesado\sin_augmentacion\normal\377.png,normal,0,False
dataset_procesado\sin_augmentacion\normal\378.png,normal,0,False
dataset_procesado\sin_augmentacion\normal\379.png,normal,0,False
dataset_procesado\sin_augmentacion\normal\380.png,normal,0,False
dataset_procesado\sin_augmentacion\normal\381.png,normal,0,False
dataset_procesado\sin_augmentacion\normal\382.png,normal,0,False
dataset_procesado\sin_augmentacion\normal\383.png,normal,0,False
dataset_procesado\sin_augmentacion\normal\384.png,normal,0,False
dataset_procesado\sin_augmentacion\normal\385.png,normal,0,False
dataset_procesado\sin_augmentacion\normal\386.png,normal,0,False
dataset_procesado\sin_augmentacion\normal\387.png,normal,0,False
dataset_procesado\sin_augmentacion\normal\388.png,normal,0,False
dataset_procesado\sin_augmentacion\normal\388x210-White_Bumps_on_Lips.png,normal,0,False
dataset_procesado\sin_augmentacion\normal\389.png,normal,0,False
dataset_procesado\sin_augmentacion\normal\390.png,normal,0,False
dataset_procesado\sin_augmentacion\normal\391.png,normal,0,False
dataset_procesado\sin_augmentacion\normal\392.png,normal,0,False
dataset_procesado\sin_augmentacion\normal\393.png,normal,0,False
dataset_procesado\sin_augmentacion\normal\394.png,normal,0,False
dataset_procesado\sin_augmentacion\normal\395.png,normal,0,False
dataset_procesado\sin_augmentacion\normal\396.png,normal,0,False
dataset_procesado\sin_augmentacion\normal\397.png,normal,0,False
dataset_procesado\sin_augmentacion\normal\398.png,normal,0,False
dataset_procesado\sin_augmentacion\normal\399.png,normal,0,False
dataset_procesado\sin_augmentacion\normal\400.png,normal,0,False
dataset_procesado\sin_augmentacion\normal\401.png,normal,0,False
dataset_procesado\sin_augmentacion\normal\402.png,normal,0,False
dataset_procesado\sin_augmentacion\normal\403.png,normal,0,False
dataset_procesado\sin_augmentacion\normal\404.png,normal,0,False
dataset_procesado\sin_augmentacion\normal\405.png,normal,0,False
dataset_procesado\sin_augmentacion\normal\406.png,normal,0,False
dataset_procesado\sin_augmentacion\normal\407.png,normal,0,False
dataset_procesado\sin_augmentacion\normal\408.png,normal,0,False
dataset_procesado\sin_augmentacion\normal\409.png,normal,0,False
dataset_procesado\sin_augmentacion\normal\410.png,normal,0,False
dataset_procesado\sin_augmentacion\normal\411.png,normal,0,False
dataset_procesado\sin_augmentacion\normal\412.png,normal,0,False
dataset_procesado\sin_augmentacion\normal\413.png,normal,0,False
dataset_procesado\sin_augmentacion\normal\414.png,normal,0,False
dataset_procesado\sin_augmentacion\normal\415.png,normal,0,False
dataset_procesado\sin_augmentacion\normal\416.png,normal,0,False
dataset_procesado\sin_augmentacion\normal\417.png,normal,0,False
dataset_procesado\sin_augmentacion\normal\418.png,normal,0,False
dataset_procesado\sin_augmentacion\normal\419.png,normal,0,False
dataset_procesado\sin_augmentacion\normal\420.png,normal,0,False
dataset_procesado\sin_augmentacion\normal\421.png,normal,0,False
dataset_procesado\sin_augmentacion\normal\422.png,normal,0,False
dataset_procesado\sin_augmentacion\normal\423.png,normal,0,False
dataset_procesado\sin_augmentacion\normal\424.png,normal,0,False
dataset_procesado\sin_augmentacion\normal\425.png,normal,0,False
dataset_procesado\sin_augmentacion\normal\426.png,normal,0,False
dataset_procesado\sin_augmentacion\normal\427.png,normal,0,False
dataset_procesado\sin_augmentacion\normal\428.png,normal,0,False
dataset_procesado\sin_augmentacion\normal\429.png,normal,0,False
dataset_procesado\sin_augmentacion\normal\430.png,normal,0,False
dataset_procesado\sin_augmentacion\normal\431.png,normal,0,False
dataset_procesado\sin_augmentacion\normal\432.png,normal,0,False
dataset_procesado\sin_augmentacion\normal\433.png,normal,0,False
dataset_procesado\sin_augmentacion\normal\434.png,normal,0,False
dataset_procesado\sin_augmentacion\normal\435.png,normal,0,False
dataset_procesado\sin_augmentacion\normal\436.png,normal,0,False
dataset_procesado\sin_augmentacion\normal\437.png,normal,0,False
dataset_procesado\sin_augmentacion\normal\438.png,normal,0,False
dataset_procesado\sin_augmentacion\normal\439.png,normal,0,False
dataset_procesado\sin_augmentacion\normal\440.png,normal,0,False
dataset_procesado\sin_augmentacion\normal\441.png,normal,0,False
dataset_procesado\sin_augmentacion\normal\442.png,normal,0,False
dataset_procesado\sin_augmentacion\normal\443.png,normal,0,False
dataset_procesado\sin_augmentacion\normal\444.png,normal,0,False
dataset_procesado\sin_augmentacion\normal\445.png,normal,0,False
dataset_procesado\sin_augmentacion\normal\446.png,normal,0,False
dataset_procesado\sin_augmentacion\normal\447.png,normal,0,False
dataset_procesado\sin_augmentacion\normal\448.png,normal,0,False
dataset_procesado\sin_augmentacion\normal\449.png,normal,0,False
dataset_procesado\sin_augmentacion\normal\450.png,normal,0,False
dataset_procesado\sin_augmentacion\normal\69293_mouth-exam-child-iStock-510174422.jpg_ccba64ac-3050-4b37-9641-ca94b3db2c11.png,normal,0,False
dataset_procesado\sin_augmentacion\normal\883.png,normal,0,False
dataset_procesado\sin_augmentacion\normal\_tongue.png,normal,0,False
dataset_procesado\sin_augmentacion\normal\asdasdasfasf.png,normal,0,False
dataset_procesado\sin_augmentacion\normal\biopsy-oral-cancer.png,normal,0,False
dataset_procesado\sin_augmentacion\normal\close-up-of-spots-on-tongue.png,normal,0,False
dataset_procesado\sin_augmentacion\normal\dataset__654-What_Does_Mouth_Cancer_Look-642x361-Side-2.png,normal,0,False
dataset_procesado\sin_augmentacion\normal\dataset_jlspo68f92i21.png,normal,0,False
dataset_procesado\sin_augmentacion\normal\download (1).png,normal,0,False
dataset_procesado\sin_augmentacion\normal\download (3).png,normal,0,False
dataset_procesado\sin_augmentacion\normal\download.png,normal,0,False
dataset_procesado\sin_augmentacion\normal\DSC_01992.png,normal,0,False
dataset_procesado\sin_augmentacion\normal\DSC_02062.png,normal,0,False
dataset_procesado\sin_augmentacion\normal\DSC_02063.png,normal,0,False
dataset_procesado\sin_augmentacion\normal\DSC_3536_2.png,normal,0,False
dataset_procesado\sin_augmentacion\normal\Email_15b497eb781f421bb80a3a2eeff2820a.png,normal,0,False
dataset_procesado\sin_augmentacion\normal\face_facial_hair_fine_looking_guy_man_model_person_portrait-1563283.png,normal,0,False
dataset_procesado\sin_augmentacion\normal\gum-disease.png,normal,0,False
dataset_procesado\sin_augmentacion\normal\images.png,normal,0,False
dataset_procesado\sin_augmentacion\normal\IMG_20170301_1115506262.png,normal,0,False
dataset_procesado\sin_augmentacion\normal\IMG_57592.png,normal,0,False
dataset_procesado\sin_augmentacion\normal\Normal-Mouth-and-Teeth-must-know.png,normal,0,False
dataset_procesado\sin_augmentacion\normal\Oral-Health.png,normal,0,False
dataset_procesado\sin_augmentacion\normal\photo_2025-01-26_16-40-31.png,normal,0,False
dataset_procesado\sin_augmentacion\normal\photo_2025-01-26_16-40-32 (2).png,normal,0,False
dataset_procesado\sin_augmentacion\normal\photo_2025-01-26_16-40-32.png,normal,0,False
dataset_procesado\sin_augmentacion\normal\photo_2025-01-26_17-19-17.png,normal,0,False
dataset_procesado\sin_augmentacion\normal\photo_2025-01-26_17-19-22.png,normal,0,False
dataset_procesado\sin_augmentacion\normal\photo_2025-01-26_17-19-28.png,normal,0,False
dataset_procesado\sin_augmentacion\normal\photo_2025-01-26_17-19-33.png,normal,0,False
dataset_procesado\sin_augmentacion\normal\photo_2025-01-26_17-19-37.png,normal,0,False
dataset_procesado\sin_augmentacion\normal\photo_2025-01-26_17-19-41.png,normal,0,False
dataset_procesado\sin_augmentacion\normal\photo_2025-01-26_17-19-45.png,normal,0,False
dataset_procesado\sin_augmentacion\normal\photo_2025-01-26_17-19-58.png,normal,0,False
dataset_procesado\sin_augmentacion\normal\photo_2025-01-26_17-20-02.png,normal,0,False
dataset_procesado\sin_augmentacion\normal\photo_2025-01-26_17-20-06.png,normal,0,False
dataset_procesado\sin_augmentacion\normal\photo_2025-01-26_17-20-10.png,normal,0,False
dataset_procesado\sin_augmentacion\normal\photo_2025-01-26_17-20-15.png,normal,0,False
dataset_procesado\sin_augmentacion\normal\photo_2025-01-26_17-20-19.png,normal,0,False
dataset_procesado\sin_augmentacion\normal\photo_2025-01-26_17-20-24.png,normal,0,False
dataset_procesado\sin_augmentacion\normal\photo_2025-01-26_17-20-28.png,normal,0,False
dataset_procesado\sin_augmentacion\normal\photo_2025-01-26_17-20-35.png,normal,0,False
dataset_procesado\sin_augmentacion\normal\photo_2025-01-26_17-20-46.png,normal,0,False
dataset_procesado\sin_augmentacion\normal\photo_2025-01-26_17-20-51.png,normal,0,False
dataset_procesado\sin_augmentacion\normal\photo_2025-01-26_17-20-55.png,normal,0,False
dataset_procesado\sin_augmentacion\normal\photo_2025-01-26_17-21-00.png,normal,0,False
dataset_procesado\sin_augmentacion\normal\photo_2025-01-26_17-21-04.png,normal,0,False
dataset_procesado\sin_augmentacion\normal\photo_2025-01-26_17-21-08.png,normal,0,False
dataset_procesado\sin_augmentacion\normal\photo_2025-01-26_17-21-18.png,normal,0,False
dataset_procesado\sin_augmentacion\normal\photo_2025-01-26_17-21-23.png,normal,0,False
dataset_procesado\sin_augmentacion\normal\photo_2025-01-26_17-21-27.png,normal,0,False
dataset_procesado\sin_augmentacion\normal\photo_2025-01-26_17-21-32.png,normal,0,False
dataset_procesado\sin_augmentacion\normal\photo_2025-01-26_17-21-36.png,normal,0,False
dataset_procesado\sin_augmentacion\normal\photo_2025-01-26_17-21-39.png,normal,0,False
dataset_procesado\sin_augmentacion\normal\photo_2025-01-26_17-21-44.png,normal,0,False
dataset_procesado\sin_augmentacion\normal\photo_2025-01-26_17-21-49.png,normal,0,False
dataset_procesado\sin_augmentacion\normal\photo_2025-01-26_17-21-53.png,normal,0,False
dataset_procesado\sin_augmentacion\normal\photo_2025-01-26_17-21-57.png,normal,0,False
dataset_procesado\sin_augmentacion\normal\photo_2025-01-26_17-22-02.png,normal,0,False
dataset_procesado\sin_augmentacion\normal\photo_2025-01-26_17-22-11.png,normal,0,False
dataset_procesado\sin_augmentacion\normal\photo_2025-01-26_17-22-19.png,normal,0,False
dataset_procesado\sin_augmentacion\normal\photo_2025-01-26_17-22-24.png,normal,0,False
dataset_procesado\sin_augmentacion\normal\photo_2025-01-26_17-22-28.png,normal,0,False
dataset_procesado\sin_augmentacion\normal\photo_2025-01-26_17-22-41.png,normal,0,False
dataset_procesado\sin_augmentacion\normal\photo_2025-01-26_17-22-44.png,normal,0,False
dataset_procesado\sin_augmentacion\normal\R.png,normal,0,False
dataset_procesado\sin_augmentacion\normal\R333.png,normal,0,False
dataset_procesado\sin_augmentacion\normal\Rasd.png,normal,0,False
dataset_procesado\sin_augmentacion\normal\S BORMAL 3.png,normal,0,False
dataset_procesado\sin_augmentacion\normal\S NORMAL 2.png,normal,0,False
dataset_procesado\sin_augmentacion\normal\S NORMAL 4.png,normal,0,False
dataset_procesado\sin_augmentacion\normal\S NORMAL 5.png,normal,0,False
dataset_procesado\sin_augmentacion\normal\S NORMAL.png,normal,0,False
dataset_procesado\sin_augmentacion\normal\Screenshot 2020-03-15 at 9.58.58 PM.png,normal,0,False
dataset_procesado\sin_augmentacion\normal\SS.OralHealth.SDSmiles_smaller-1.png,normal,0,False
dataset_procesado\sin_augmentacion\normal\tongue (1).png,normal,0,False
dataset_procesado\sin_augmentacion\normal\tongue-1.png,normal,0,False
dataset_procesado\sin_augmentacion\normal\tongue-tingling-in-person-with-their-tongue-sticking-out.png,normal,0,False
dataset_procesado\sin_augmentacion\normal\tongue.png,normal,0,False
dataset_procesado\sin_augmentacion\normal\WP_20141029_18_42_38_Pro2.png,normal,0,False
dataset_procesado\sin_augmentacion\normal\WP_20141221_0012.png,normal,0,False
